element,elementLabel,symbol,atomicNumber,discoveryYear,discoveredByLabel,image
http://www.wikidata.org/entity/Q556,водород,H,1,1766,Генри Кавендиш,http://commons.wikimedia.org/wiki/Special:FilePath/Hydrogen%20discharge%20tube.jpg
http://www.wikidata.org/entity/Q560,гелий,He,2,1868,Джозеф Норман Локьер,http://commons.wikimedia.org/wiki/Special:FilePath/Helium%20discharge%20tube.jpg
http://www.wikidata.org/entity/Q560,гелий,He,2,1868,Пьер Жюль Сезар Жансен,http://commons.wikimedia.org/wiki/Special:FilePath/Helium%20discharge%20tube.jpg
http://www.wikidata.org/entity/Q560,гелий,He,2,1868,Уильям Рамзай,http://commons.wikimedia.org/wiki/Special:FilePath/Helium%20discharge%20tube.jpg
http://www.wikidata.org/entity/Q568,литий,Li,3,1817,Иоганн Арфведсон,http://commons.wikimedia.org/wiki/Special:FilePath/Lithium%20paraffin.jpg
http://www.wikidata.org/entity/Q569,бериллий,Be,4,1798,Фридрих Вёлер,http://commons.wikimedia.org/wiki/Special:FilePath/Beryllium%20nuggets%202.jpg
http://www.wikidata.org/entity/Q569,бериллий,Be,4,1798,Луи Никола Воклен,http://commons.wikimedia.org/wiki/Special:FilePath/Beryllium%20nuggets%202.jpg
http://www.wikidata.org/entity/Q569,бериллий,Be,4,1798,Антуан Александр Брутус Бюсси,http://commons.wikimedia.org/wiki/Special:FilePath/Beryllium%20nuggets%202.jpg
http://www.wikidata.org/entity/Q618,бор,B,5,1892,Гемфри Дэви,http://commons.wikimedia.org/wiki/Special:FilePath/Boron.jpg
http://www.wikidata.org/entity/Q623,углерод,C,6,1789,Антуан Лоран Лавуазье,http://commons.wikimedia.org/wiki/Special:FilePath/Coal%20anthracite.jpg
http://www.wikidata.org/entity/Q627,азот,N,7,1772,"Рутерфорд, Даниель",http://commons.wikimedia.org/wiki/Special:FilePath/Liquidnitrogen.jpg
http://www.wikidata.org/entity/Q629,кислород,O,8,1774,Карл Вильгельм Шееле,http://commons.wikimedia.org/wiki/Special:FilePath/Liquid%20oxygen%20in%20a%20beaker%204.jpg
http://www.wikidata.org/entity/Q650,фтор,F,9,1810,"Ампер, Андре-Мари",http://commons.wikimedia.org/wiki/Special:FilePath/Liquid%20fluorine%20tighter%20crop.jpg
http://www.wikidata.org/entity/Q650,фтор,F,9,1810,Анри Муассан,http://commons.wikimedia.org/wiki/Special:FilePath/Liquid%20fluorine%20tighter%20crop.jpg
http://www.wikidata.org/entity/Q654,неон,Ne,10,1898,"Траверс, Морис Уильям",http://commons.wikimedia.org/wiki/Special:FilePath/NeTube.jpg
http://www.wikidata.org/entity/Q654,неон,Ne,10,1898,Уильям Рамзай,http://commons.wikimedia.org/wiki/Special:FilePath/NeTube.jpg
http://www.wikidata.org/entity/Q658,натрий,Na,11,1807,Гемфри Дэви,http://commons.wikimedia.org/wiki/Special:FilePath/Na%20%28Sodium%29.jpg
http://www.wikidata.org/entity/Q660,магний,Mg,12,1755,Джозеф Блэк,http://commons.wikimedia.org/wiki/Special:FilePath/Magnesium%20crystals.jpg
http://www.wikidata.org/entity/Q663,алюминий,Al,13,1825,Ханс Кристиан Эрстед,http://commons.wikimedia.org/wiki/Special:FilePath/Aluminium-4.jpg
http://www.wikidata.org/entity/Q670,кремний,Si,14,1823,Йёнс Якоб Берцелиус,http://commons.wikimedia.org/wiki/Special:FilePath/SiliconCroda.jpg
http://www.wikidata.org/entity/Q674,фосфор,P,15,1669,Хенниг Бранд,http://commons.wikimedia.org/wiki/Special:FilePath/Phosphor.JPG
http://www.wikidata.org/entity/Q682,сера,S,16,1777,Антуан Лоран Лавуазье,http://commons.wikimedia.org/wiki/Special:FilePath/Sulfur%20-%20El%20Desierto%20mine%2C%20San%20Pablo%20de%20Napa%2C%20Daniel%20Campos%20Province%2C%20Potos%C3%AD%2C%20Bolivia.jpg
http://www.wikidata.org/entity/Q688,хлор,Cl,17,1774,Карл Вильгельм Шееле,http://commons.wikimedia.org/wiki/Special:FilePath/Chlorine%20liquid%20in%20an%20ampoule.jpg
http://www.wikidata.org/entity/Q696,аргон,Ar,18,1894,Джон Уильям Стретт,http://commons.wikimedia.org/wiki/Special:FilePath/Argon%20ice%201.jpg
http://www.wikidata.org/entity/Q696,аргон,Ar,18,1894,Уильям Рамзай,http://commons.wikimedia.org/wiki/Special:FilePath/Argon%20ice%201.jpg
http://www.wikidata.org/entity/Q703,калий,K,19,1807,Гемфри Дэви,http://commons.wikimedia.org/wiki/Special:FilePath/Kalium.jpg
http://www.wikidata.org/entity/Q706,кальций,Ca,20,1808,Гемфри Дэви,http://commons.wikimedia.org/wiki/Special:FilePath/Calcium%201.jpg
http://www.wikidata.org/entity/Q713,скандий,Sc,21,1879,Ларс Фредерик Нильсон,http://commons.wikimedia.org/wiki/Special:FilePath/Scandium%20sublimed%20dendritic%20and%201cm3%20cube.jpg
http://www.wikidata.org/entity/Q716,титан,Ti,22,1791,Фридрих Вёлер,http://commons.wikimedia.org/wiki/Special:FilePath/Titan-crystal%20bar.JPG
http://www.wikidata.org/entity/Q722,ванадий,V,23,1801,Андрес Мануэль дель Рио,http://commons.wikimedia.org/wiki/Special:FilePath/Vanadium%201.jpg
http://www.wikidata.org/entity/Q725,хром,Cr,24,1797,Луи Никола Воклен,http://commons.wikimedia.org/wiki/Special:FilePath/Chromium%20crystals%20and%201cm3%20cube.jpg
http://www.wikidata.org/entity/Q731,марганец,Mn,25,1774,Юхан Готлиб Ган,http://commons.wikimedia.org/wiki/Special:FilePath/Manganese%20electrolytic%20and%201cm3%20cube.jpg
http://www.wikidata.org/entity/Q677,железо,Fe,26,-5000,http://www.wikidata.org/.well-known/genid/fd1d2a0f5ae583e820451b0fc1a8c274,http://commons.wikimedia.org/wiki/Special:FilePath/Iron%20electrolytic%20and%201cm3%20cube.jpg
http://www.wikidata.org/entity/Q740,кобальт,Co,27,1735,Георг Брандт,http://commons.wikimedia.org/wiki/Special:FilePath/Kobalt%20electrolytic%20and%201cm3%20cube.jpg
http://www.wikidata.org/entity/Q744,никель,Ni,28,1751,"Кронштедт, Аксель",http://commons.wikimedia.org/wiki/Special:FilePath/Electrolytic%20nickel.jpg
http://www.wikidata.org/entity/Q753,медь,Cu,29,,,http://commons.wikimedia.org/wiki/Special:FilePath/NatCopper.jpg
http://www.wikidata.org/entity/Q758,цинк,Zn,30,,http://www.wikidata.org/.well-known/genid/7b60203dc35c0012a83af70b3ccf5c2f,http://commons.wikimedia.org/wiki/Special:FilePath/Zinc%20fragment%20sublimed%20and%201cm3%20cube.jpg
http://www.wikidata.org/entity/Q861,галлий,Ga,31,1875,"Лекок де Буабодран, Поль Эмиль",http://commons.wikimedia.org/wiki/Special:FilePath/Gallium%20crystals.jpg
http://www.wikidata.org/entity/Q867,германий,Ge,32,1885,Клеменс Александр Винклер,http://commons.wikimedia.org/wiki/Special:FilePath/Germanium%20element.jpg
http://www.wikidata.org/entity/Q871,мышьяк,As,33,1300,Альберт Великий,http://commons.wikimedia.org/wiki/Special:FilePath/Arsen%201.jpg
http://www.wikidata.org/entity/Q876,селен,Se,34,1817,Йёнс Якоб Берцелиус,http://commons.wikimedia.org/wiki/Special:FilePath/Selen%201.jpg
http://www.wikidata.org/entity/Q876,селен,Se,34,1817,Юхан Готлиб Ган,http://commons.wikimedia.org/wiki/Special:FilePath/Selen%201.jpg
http://www.wikidata.org/entity/Q879,бром,Br,35,1825,"Лёвих, Карл Якоб",http://commons.wikimedia.org/wiki/Special:FilePath/Bromine%20vial%20in%20acrylic%20cube.jpg
http://www.wikidata.org/entity/Q879,бром,Br,35,1825,Антуан Жером Балар,http://commons.wikimedia.org/wiki/Special:FilePath/Bromine%20vial%20in%20acrylic%20cube.jpg
http://www.wikidata.org/entity/Q888,криптон,Kr,36,1898,"Траверс, Морис Уильям",http://commons.wikimedia.org/wiki/Special:FilePath/Krypton%20discharge%20tube.jpg
http://www.wikidata.org/entity/Q888,криптон,Kr,36,1898,Уильям Рамзай,http://commons.wikimedia.org/wiki/Special:FilePath/Krypton%20discharge%20tube.jpg
http://www.wikidata.org/entity/Q895,рубидий,Rb,37,1861,Густав Роберт Кирхгоф,http://commons.wikimedia.org/wiki/Special:FilePath/RbMetal.JPG
http://www.wikidata.org/entity/Q895,рубидий,Rb,37,1861,Роберт Вильгельм Бунзен,http://commons.wikimedia.org/wiki/Special:FilePath/RbMetal.JPG
http://www.wikidata.org/entity/Q938,стронций,Sr,38,1787,"Крюйкшенк, Уильям",http://commons.wikimedia.org/wiki/Special:FilePath/Strontium%20destilled%20crystals.jpg
http://www.wikidata.org/entity/Q941,иттрий,Y,39,1787,Фридрих Вёлер,http://commons.wikimedia.org/wiki/Special:FilePath/Yttrium%20sublimed%20dendritic%20and%201cm3%20cube.jpg
http://www.wikidata.org/entity/Q941,иттрий,Y,39,1787,Юхан Гадолин,http://commons.wikimedia.org/wiki/Special:FilePath/Yttrium%20sublimed%20dendritic%20and%201cm3%20cube.jpg
http://www.wikidata.org/entity/Q1038,цирконий,Zr,40,1789,Йёнс Якоб Берцелиус,http://commons.wikimedia.org/wiki/Special:FilePath/Zirconium%20crystal%20bar%20and%201cm3%20cube.jpg
http://www.wikidata.org/entity/Q1038,цирконий,Zr,40,1789,Мартин Генрих Клапрот,http://commons.wikimedia.org/wiki/Special:FilePath/Zirconium%20crystal%20bar%20and%201cm3%20cube.jpg
http://www.wikidata.org/entity/Q1038,цирконий,Zr,40,1789,Ян Хендрик де Бур,http://commons.wikimedia.org/wiki/Special:FilePath/Zirconium%20crystal%20bar%20and%201cm3%20cube.jpg
http://www.wikidata.org/entity/Q1038,цирконий,Zr,40,1789,Антон Эдуард Ван Аркель,http://commons.wikimedia.org/wiki/Special:FilePath/Zirconium%20crystal%20bar%20and%201cm3%20cube.jpg
http://www.wikidata.org/entity/Q1046,ниобий,Nb,41,1801,"Хэтчетт, Чарльз",http://commons.wikimedia.org/wiki/Special:FilePath/Niobium%20crystals%20and%201cm3%20cube.jpg
http://www.wikidata.org/entity/Q1053,молибден,Mo,42,1778,Карл Вильгельм Шееле,http://commons.wikimedia.org/wiki/Special:FilePath/Molybdenum%20crystaline%20fragment%20and%201cm3%20cube.jpg
http://www.wikidata.org/entity/Q1054,технеций,Tc,43,1937,"Сегре, Эмилио Джино",http://commons.wikimedia.org/wiki/Special:FilePath/Technetium-sample.jpg
http://www.wikidata.org/entity/Q1054,технеций,Tc,43,1937,Carlo Perrier,http://commons.wikimedia.org/wiki/Special:FilePath/Technetium-sample.jpg
http://www.wikidata.org/entity/Q1086,рутений,Ru,44,1844,"Клаус, Карл Карлович",http://commons.wikimedia.org/wiki/Special:FilePath/Ruthenium%20a%20half%20bar.jpg
http://www.wikidata.org/entity/Q1087,родий,Rh,45,1803,Уильям Хайд Волластон,http://commons.wikimedia.org/wiki/Special:FilePath/Rhodium%20powder%20pressed%20melted.jpg
http://www.wikidata.org/entity/Q1089,палладий,Pd,46,1803,Уильям Хайд Волластон,http://commons.wikimedia.org/wiki/Special:FilePath/Palladium%201-noReflection.jpg
http://www.wikidata.org/entity/Q1090,серебро,Ag,47,,,http://commons.wikimedia.org/wiki/Special:FilePath/Silver%20crystal.jpg
http://www.wikidata.org/entity/Q1091,кадмий,Cd,48,1817,Karl Samuel Leberecht Hermann,http://commons.wikimedia.org/wiki/Special:FilePath/Cadmium-crystal%20bar.jpg
http://www.wikidata.org/entity/Q1091,кадмий,Cd,48,1817,Фридрих Штромейер,http://commons.wikimedia.org/wiki/Special:FilePath/Cadmium-crystal%20bar.jpg
http://www.wikidata.org/entity/Q1094,индий,In,49,1863,Фердинанд Райх,http://commons.wikimedia.org/wiki/Special:FilePath/Indium%20wetting%20glass.jpg
http://www.wikidata.org/entity/Q1094,индий,In,49,1863,Теодор Рихтер,http://commons.wikimedia.org/wiki/Special:FilePath/Indium%20wetting%20glass.jpg
http://www.wikidata.org/entity/Q1096,олово,Sn,50,,,http://commons.wikimedia.org/wiki/Special:FilePath/C%C3%ADn.PNG
http://www.wikidata.org/entity/Q1099,сурьма,Sb,51,,,http://commons.wikimedia.org/wiki/Special:FilePath/Antimony-2.jpg
http://www.wikidata.org/entity/Q1100,теллур,Te,52,1783,"Мюллер, Франц Йозеф",http://commons.wikimedia.org/wiki/Special:FilePath/Tellurium%20element%202.jpg
http://www.wikidata.org/entity/Q1103,иод,I,53,1811,Бернар Куртуа,http://commons.wikimedia.org/wiki/Special:FilePath/Sample%20of%20iodine.jpg
http://www.wikidata.org/entity/Q1106,ксенон,Xe,54,1898,"Траверс, Морис Уильям",http://commons.wikimedia.org/wiki/Special:FilePath/Xenon%20discharge%20tube.jpg
http://www.wikidata.org/entity/Q1106,ксенон,Xe,54,1898,Уильям Рамзай,http://commons.wikimedia.org/wiki/Special:FilePath/Xenon%20discharge%20tube.jpg
http://www.wikidata.org/entity/Q1108,цезий,Cs,55,1860,Густав Роберт Кирхгоф,http://commons.wikimedia.org/wiki/Special:FilePath/Cesium.jpg
http://www.wikidata.org/entity/Q1108,цезий,Cs,55,1860,Роберт Вильгельм Бунзен,http://commons.wikimedia.org/wiki/Special:FilePath/Cesium.jpg
http://www.wikidata.org/entity/Q1112,барий,Ba,56,1808,Гемфри Дэви,http://commons.wikimedia.org/wiki/Special:FilePath/Barium%201.jpg
http://www.wikidata.org/entity/Q1801,лантан,La,57,1839,Карл Густав Мосандер,http://commons.wikimedia.org/wiki/Special:FilePath/Lanthan%201-cropflipped.jpg
http://www.wikidata.org/entity/Q1385,церий,Ce,58,1804,Йёнс Якоб Берцелиус,http://commons.wikimedia.org/wiki/Special:FilePath/CE2k2g.jpg
http://www.wikidata.org/entity/Q1385,церий,Ce,58,1804,Мартин Генрих Клапрот,http://commons.wikimedia.org/wiki/Special:FilePath/CE2k2g.jpg
http://www.wikidata.org/entity/Q1386,празеодим,Pr,59,1841,Карл Густав Мосандер,http://commons.wikimedia.org/wiki/Special:FilePath/Praseodym%201.jpg
http://www.wikidata.org/entity/Q1388,неодим,Nd,60,1885,Карл Ауэр фон Вельсбах,http://commons.wikimedia.org/wiki/Special:FilePath/Neodym%201.jpg
http://www.wikidata.org/entity/Q1809,прометий,Pm,61,1945,Charles D. Coryell,http://commons.wikimedia.org/wiki/Special:FilePath/Promethium.jpg
http://www.wikidata.org/entity/Q1809,прометий,Pm,61,1945,"Маринский, Джейкоб",http://commons.wikimedia.org/wiki/Special:FilePath/Promethium.jpg
http://www.wikidata.org/entity/Q1809,прометий,Pm,61,1945,Lawrence E. Glendenin,http://commons.wikimedia.org/wiki/Special:FilePath/Promethium.jpg
http://www.wikidata.org/entity/Q1819,самарий,Sm,62,1879,"Лекок де Буабодран, Поль Эмиль",http://commons.wikimedia.org/wiki/Special:FilePath/Samarium%201.jpg
http://www.wikidata.org/entity/Q1396,европий,Eu,63,1901,"Демарсе, Эжен Анатоль",http://commons.wikimedia.org/wiki/Special:FilePath/Eu-Block.jpg
http://www.wikidata.org/entity/Q1832,гадолиний,Gd,64,1880,Жан Шарль Галиссард Мариньяк,http://commons.wikimedia.org/wiki/Special:FilePath/Gadolinium.jpg
http://www.wikidata.org/entity/Q1838,тербий,Tb,65,1843,Карл Густав Мосандер,http://commons.wikimedia.org/wiki/Special:FilePath/Terbium%20element.jpg
http://www.wikidata.org/entity/Q1843,диспрозий,Dy,66,1886,"Лекок де Буабодран, Поль Эмиль",http://commons.wikimedia.org/wiki/Special:FilePath/Dysprosium1.jpg
http://www.wikidata.org/entity/Q1846,гольмий,Ho,67,1878,Жак-Луи Соре,http://commons.wikimedia.org/wiki/Special:FilePath/Holmium.jpg
http://www.wikidata.org/entity/Q1846,гольмий,Ho,67,1878,Марк Делафонтен,http://commons.wikimedia.org/wiki/Special:FilePath/Holmium.jpg
http://www.wikidata.org/entity/Q1846,гольмий,Ho,67,1878,Пер Теодор Клеве,http://commons.wikimedia.org/wiki/Special:FilePath/Holmium.jpg
http://www.wikidata.org/entity/Q1849,эрбий,Er,68,1842,Карл Густав Мосандер,http://commons.wikimedia.org/wiki/Special:FilePath/Erbium.jpg
http://www.wikidata.org/entity/Q1853,тулий,Tm,69,1879,Пер Теодор Клеве,http://commons.wikimedia.org/wiki/Special:FilePath/Thulium%20sublimed%20dendritic%20and%201cm3%20cube.jpg
http://www.wikidata.org/entity/Q1855,иттербий,Yb,70,1878,Жан Шарль Галиссард Мариньяк,http://commons.wikimedia.org/wiki/Special:FilePath/Ytterbium%20element.jpg
http://www.wikidata.org/entity/Q1857,лютеций,Lu,71,1906,Карл Ауэр фон Вельсбах,http://commons.wikimedia.org/wiki/Special:FilePath/Lutetium%20sublimed%20dendritic%20and%201cm3%20cube.jpg
http://www.wikidata.org/entity/Q1857,лютеций,Lu,71,1906,"Урбэн, Жорж",http://commons.wikimedia.org/wiki/Special:FilePath/Lutetium%20sublimed%20dendritic%20and%201cm3%20cube.jpg
http://www.wikidata.org/entity/Q1119,гафний,Hf,72,1922,"Хевеши, Дьёрдь де",http://commons.wikimedia.org/wiki/Special:FilePath/Hf-crystal%20bar.jpg
http://www.wikidata.org/entity/Q1119,гафний,Hf,72,1922,"Костер, Дирк",http://commons.wikimedia.org/wiki/Special:FilePath/Hf-crystal%20bar.jpg
http://www.wikidata.org/entity/Q1123,тантал,Ta,73,1802,"Экеберг, Андерс Густав",http://commons.wikimedia.org/wiki/Special:FilePath/Tantalum%20single%20crystal%20and%201cm3%20cube.jpg
http://www.wikidata.org/entity/Q743,вольфрам,W,74,1783,Fausto Elhuyar,http://commons.wikimedia.org/wiki/Special:FilePath/Wolfram%20evaporated%20crystals%20and%201cm3%20cube.jpg
http://www.wikidata.org/entity/Q743,вольфрам,W,74,1783,Juan José Elhuyar,http://commons.wikimedia.org/wiki/Special:FilePath/Wolfram%20evaporated%20crystals%20and%201cm3%20cube.jpg
http://www.wikidata.org/entity/Q737,рений,Re,75,1925,"Ноддак, Вальтер",http://commons.wikimedia.org/wiki/Special:FilePath/Rhenium%20single%20crystal%20bar%20and%201cm3%20cube.jpg
http://www.wikidata.org/entity/Q737,рений,Re,75,1925,"Ноддак, Ида",http://commons.wikimedia.org/wiki/Special:FilePath/Rhenium%20single%20crystal%20bar%20and%201cm3%20cube.jpg
http://www.wikidata.org/entity/Q737,рений,Re,75,1925,Otto Berg,http://commons.wikimedia.org/wiki/Special:FilePath/Rhenium%20single%20crystal%20bar%20and%201cm3%20cube.jpg
http://www.wikidata.org/entity/Q751,осмий,Os,76,1804,Уильям Хайд Волластон,http://commons.wikimedia.org/wiki/Special:FilePath/Osmium%20crystals.jpg
http://www.wikidata.org/entity/Q751,осмий,Os,76,1804,"Теннант, Смитсон",http://commons.wikimedia.org/wiki/Special:FilePath/Osmium%20crystals.jpg
http://www.wikidata.org/entity/Q877,иридий,Ir,77,1803,"Теннант, Смитсон",http://commons.wikimedia.org/wiki/Special:FilePath/Iridium%20foil.jpg
http://www.wikidata.org/entity/Q880,платина,Pt,78,1557,Жюль Сезар Скалигер,http://commons.wikimedia.org/wiki/Special:FilePath/Platinum%20crystals.jpg
http://www.wikidata.org/entity/Q880,платина,Pt,78,1557,"Уллоа, Антонио",http://commons.wikimedia.org/wiki/Special:FilePath/Platinum%20crystals.jpg
http://www.wikidata.org/entity/Q897,золото,Au,79,-6000,http://www.wikidata.org/.well-known/genid/1a9eb9f7d2e410c81adc8f43484355f4,http://commons.wikimedia.org/wiki/Special:FilePath/Gold-crystals.jpg
http://www.wikidata.org/entity/Q925,ртуть,Hg,80,,,http://commons.wikimedia.org/wiki/Special:FilePath/Mercury-element.jpg
http://www.wikidata.org/entity/Q932,таллий,Tl,81,1861,"Крукс, Уильям",http://commons.wikimedia.org/wiki/Special:FilePath/Thallium%20pieces%20in%20ampoule.jpg
http://www.wikidata.org/entity/Q708,свинец,Pb,82,,,http://commons.wikimedia.org/wiki/Special:FilePath/Lead%20electrolytic%20and%201cm3%20cube.jpg
http://www.wikidata.org/entity/Q942,висмут,Bi,83,,,http://commons.wikimedia.org/wiki/Special:FilePath/Bismuth%20crystals%20and%201cm3%20cube.jpg
http://www.wikidata.org/entity/Q979,полоний,Po,84,1898,Мария Склодовская-Кюри,http://commons.wikimedia.org/wiki/Special:FilePath/2019-11-22%20Spark%20plugs%20and%20static%20eliminators%20with%20radioactive%20polonium%20at%20museum%20display.jpg
http://www.wikidata.org/entity/Q979,полоний,Po,84,1898,Пьер Кюри,http://commons.wikimedia.org/wiki/Special:FilePath/2019-11-22%20Spark%20plugs%20and%20static%20eliminators%20with%20radioactive%20polonium%20at%20museum%20display.jpg
http://www.wikidata.org/entity/Q999,астат,At,85,1940,"Сегре, Эмилио Джино",http://commons.wikimedia.org/wiki/Special:FilePath/Electron%20shell%20085%20Astatine.svg
http://www.wikidata.org/entity/Q1133,радон,Rn,86,1899,Фридрих Эрнст Дорн,http://commons.wikimedia.org/wiki/Special:FilePath/Radon%20water%20apparatus%20P1120815.JPG
http://www.wikidata.org/entity/Q671,франций,Fr,87,1939,"Перей, Маргарита",
http://www.wikidata.org/entity/Q1128,радий,Ra,88,1898,Мария Склодовская-Кюри,http://commons.wikimedia.org/wiki/Special:FilePath/Radium226.jpg
http://www.wikidata.org/entity/Q1128,радий,Ra,88,1898,Пьер Кюри,http://commons.wikimedia.org/wiki/Special:FilePath/Radium226.jpg
http://www.wikidata.org/entity/Q1121,актиний,Ac,89,1899,"Дебьерн, Андре-Луи",http://commons.wikimedia.org/wiki/Special:FilePath/Actinium%20sample%20%2831481701837%29.png
http://www.wikidata.org/entity/Q1115,торий,Th,90,1828,Йёнс Якоб Берцелиус,http://commons.wikimedia.org/wiki/Special:FilePath/Thorium%20sample%200.1g.jpg
http://www.wikidata.org/entity/Q1109,протактиний,Pa,91,1917,Лиза Мейтнер,http://commons.wikimedia.org/wiki/Special:FilePath/Protactinium-233.jpg
http://www.wikidata.org/entity/Q1109,протактиний,Pa,91,1917,Отто Ган,http://commons.wikimedia.org/wiki/Special:FilePath/Protactinium-233.jpg
http://www.wikidata.org/entity/Q1109,протактиний,Pa,91,1917,"Фаянс, Казимир",http://commons.wikimedia.org/wiki/Special:FilePath/Protactinium-233.jpg
http://www.wikidata.org/entity/Q1098,уран,U,92,1789,Эжен Пелиго,http://commons.wikimedia.org/wiki/Special:FilePath/Uranium2.jpg
http://www.wikidata.org/entity/Q1105,нептуний,Np,93,1940,"Макмиллан, Эдвин Маттисон",http://commons.wikimedia.org/wiki/Special:FilePath/Neptunium2.jpg
http://www.wikidata.org/entity/Q1105,нептуний,Np,93,1940,Филипп Хауге Абельсон,http://commons.wikimedia.org/wiki/Special:FilePath/Neptunium2.jpg
http://www.wikidata.org/entity/Q1102,плутоний,Pu,94,1941,"Макмиллан, Эдвин Маттисон",http://commons.wikimedia.org/wiki/Special:FilePath/Plutonium%20ring.jpg
http://www.wikidata.org/entity/Q1102,плутоний,Pu,94,1941,Гленн Теодор Сиборг,http://commons.wikimedia.org/wiki/Special:FilePath/Plutonium%20ring.jpg
http://www.wikidata.org/entity/Q1102,плутоний,Pu,94,1941,"Валь, Артур",http://commons.wikimedia.org/wiki/Special:FilePath/Plutonium%20ring.jpg
http://www.wikidata.org/entity/Q1102,плутоний,Pu,94,1941,Джозеф У. Кеннеди,http://commons.wikimedia.org/wiki/Special:FilePath/Plutonium%20ring.jpg
http://www.wikidata.org/entity/Q1872,америций,Am,95,1944,Гленн Теодор Сиборг,http://commons.wikimedia.org/wiki/Special:FilePath/Americium%20microscope.jpg
http://www.wikidata.org/entity/Q1876,кюрий,Cm,96,1944,Гленн Теодор Сиборг,http://commons.wikimedia.org/wiki/Special:FilePath/Cm-Fluoreszenz.png
http://www.wikidata.org/entity/Q1882,берклий,Bk,97,1949,Гленн Теодор Сиборг,http://commons.wikimedia.org/wiki/Special:FilePath/Berkelium%20metal.jpg
http://www.wikidata.org/entity/Q1882,берклий,Bk,97,1949,Альберт Гиорсо,http://commons.wikimedia.org/wiki/Special:FilePath/Berkelium%20metal.jpg
http://www.wikidata.org/entity/Q1882,берклий,Bk,97,1949,Stanley Gerald Thompson,http://commons.wikimedia.org/wiki/Special:FilePath/Berkelium%20metal.jpg
http://www.wikidata.org/entity/Q1888,калифорний,Cf,98,1950,Гленн Теодор Сиборг,http://commons.wikimedia.org/wiki/Special:FilePath/Californium.jpg
http://www.wikidata.org/entity/Q1888,калифорний,Cf,98,1950,Альберт Гиорсо,http://commons.wikimedia.org/wiki/Special:FilePath/Californium.jpg
http://www.wikidata.org/entity/Q1888,калифорний,Cf,98,1950,Kenneth Street Jr.,http://commons.wikimedia.org/wiki/Special:FilePath/Californium.jpg
http://www.wikidata.org/entity/Q1888,калифорний,Cf,98,1950,Stanley Gerald Thompson,http://commons.wikimedia.org/wiki/Special:FilePath/Californium.jpg
http://www.wikidata.org/entity/Q1892,эйнштейний,Es,99,1952,Гленн Теодор Сиборг,http://commons.wikimedia.org/wiki/Special:FilePath/Einsteinium.jpg
http://www.wikidata.org/entity/Q1892,эйнштейний,Es,99,1952,Альберт Гиорсо,http://commons.wikimedia.org/wiki/Special:FilePath/Einsteinium.jpg
http://www.wikidata.org/entity/Q1896,фермий,Fm,100,1952,Гленн Теодор Сиборг,http://commons.wikimedia.org/wiki/Special:FilePath/Fermium-Ytterbium%20Alloy.jpg
http://www.wikidata.org/entity/Q1898,менделевий,Md,101,1955,Гленн Теодор Сиборг,
http://www.wikidata.org/entity/Q1901,нобелий,No,102,1958,Гленн Теодор Сиборг,
http://www.wikidata.org/entity/Q1905,лоуренсий,Lr,103,1961,Альберт Гиорсо,
http://www.wikidata.org/entity/Q1226,резерфордий,Rf,104,1964,Альберт Гиорсо,
http://www.wikidata.org/entity/Q1232,дубний,Db,105,1970,Объединённый институт ядерных исследований,
http://www.wikidata.org/entity/Q1232,дубний,Db,105,1970,Национальная лаборатория имени Лоуренса в Беркли,
http://www.wikidata.org/entity/Q1234,сиборгий,Sg,106,1974,Юрий Оганесян,
http://www.wikidata.org/entity/Q1249,борий,Bh,107,1976,Юрий Оганесян,
http://www.wikidata.org/entity/Q1252,хассий,Hs,108,1984,Институт тяжёлых ионов,
http://www.wikidata.org/entity/Q1258,мейтнерий,Mt,109,1982,Институт тяжёлых ионов,
http://www.wikidata.org/entity/Q1266,дармштадтий,Ds,110,1994,Институт тяжёлых ионов,
http://www.wikidata.org/entity/Q1272,рентгений,Rg,111,1994,Институт тяжёлых ионов,
http://www.wikidata.org/entity/Q1278,коперниций,Cn,112,1996,Институт тяжёлых ионов,
http://www.wikidata.org/entity/Q1301,нихоний,Nh,113,2006,Объединённый институт ядерных исследований,
http://www.wikidata.org/entity/Q1302,флеровий,Fl,114,1999,Объединённый институт ядерных исследований,
http://www.wikidata.org/entity/Q1303,московий,Mc,115,2003,Объединённый институт ядерных исследований,
http://www.wikidata.org/entity/Q1304,ливерморий,Lv,116,2000,Объединённый институт ядерных исследований,
http://www.wikidata.org/entity/Q1306,теннессин,Ts,117,2009,Юрий Оганесян,
http://www.wikidata.org/entity/Q1306,теннессин,Ts,117,2010,Юрий Оганесян,
http://www.wikidata.org/entity/Q1307,оганесон,Og,118,2002,Объединённый институт ядерных исследований,
http://www.wikidata.org/entity/Q1139,унуненний,Uue,119,,,
http://www.wikidata.org/entity/Q1146,унбинилий,Ubn,120,,,
http://www.wikidata.org/entity/Q1466,унбиуний,Ubu,121,,,
http://www.wikidata.org/entity/Q7425,унбибий,Ubb,122,,,
http://www.wikidata.org/entity/Q428758,унбитрий,Ubt,123,,,
http://www.wikidata.org/entity/Q428741,унбиквадий,Ubq,124,,,
http://www.wikidata.org/entity/Q428685,унбипентий,Ubp,125,,,
http://www.wikidata.org/entity/Q54377,унбигексий,Ubh,126,,,
http://www.wikidata.org/entity/Q428692,унбисептий,Ubs,127,,,
http://www.wikidata.org/entity/Q428703,унбиоктий,Ubo,128,,,
http://www.wikidata.org/entity/Q428640,унбиенний,Ube,129,,,
http://www.wikidata.org/entity/Q428648,унтринилий,Utn,130,,,
http://www.wikidata.org/entity/Q428629,унтриуний,Utu,131,,,
http://www.wikidata.org/entity/Q428635,унтрибий,Utb,132,,,
http://www.wikidata.org/entity/Q3552041,унтритрий,Utt,133,,,
http://www.wikidata.org/entity/Q3552040,унтриквадий,Utq,134,,,
http://www.wikidata.org/entity/Q3552038,унтрипентий,Utp,135,,,
http://www.wikidata.org/entity/Q868375,унтригексий,Uth,136,,,
http://www.wikidata.org/entity/Q1366419,унтрисептий,Uts,137,,,
http://www.wikidata.org/entity/Q869681,унтриоктий,Uto,138,,,
http://www.wikidata.org/entity/Q548592,унтриэнний,Ute,139,,,
http://www.wikidata.org/entity/Q3029913,ункваднилий,Uqn,140,,,
http://www.wikidata.org/entity/Q3551935,унквадуний,Uqu,141,,,
http://www.wikidata.org/entity/Q3551927,унквадбий,Uqb,142,,,
http://www.wikidata.org/entity/Q3551933,унквадтрий,Uqt,143,,,
http://www.wikidata.org/entity/Q3551931,унквадквадий,Uqq,144,,,
http://www.wikidata.org/entity/Q3551930,унквадпентий,Uqp,145,,,
http://www.wikidata.org/entity/Q3551926,унквадгексий,Uqh,146,,,
http://www.wikidata.org/entity/Q3551929,унквадсептий,Uqs,147,,,
http://www.wikidata.org/entity/Q3551928,унквадоктий,Uqo,148,,,
http://www.wikidata.org/entity/Q2399140,унквадэнний,Uqe,149,,,
http://www.wikidata.org/entity/Q3551919,унпентнилий,Upn,150,,,
http://www.wikidata.org/entity/Q3551921,унпентуний,Upu,151,,,
http://www.wikidata.org/entity/Q3551918,унпентбий,Upb,152,,,
http://www.wikidata.org/entity/Q3551924,унпенттрий,Upt,153,,,
http://www.wikidata.org/entity/Q22313918,унпентквадий,Upq,154,,,
http://www.wikidata.org/entity/Q22314315,унпентпентий,Upp,155,,,
http://www.wikidata.org/entity/Q91655950,унпентгексий,Uph,156,,,
http://www.wikidata.org/entity/Q91655961,унпентсептий,Ups,157,,,
http://www.wikidata.org/entity/Q91655977,унпентоктий,Upo,158,,,
http://www.wikidata.org/entity/Q92113383,унпентенний,Upe,159,,,
http://www.wikidata.org/entity/Q91655999,унгекснилий,Uhn,160,,,
http://www.wikidata.org/entity/Q113084035,unhexunium,Uhu,161,,,
http://www.wikidata.org/entity/Q113084037,unhexbium,Uhb,162,,,
http://www.wikidata.org/entity/Q113084040,unhextrium,Uht,163,,,
http://www.wikidata.org/entity/Q30929350,элемент 164,Uhq,164,,,
http://www.wikidata.org/entity/Q16307178,элемент 165,Uhp,165,,,
http://www.wikidata.org/entity/Q113084043,unhexhexium,Uhh,166,,,
http://www.wikidata.org/entity/Q16307173,элемент 167,Uhs,167,,,
http://www.wikidata.org/entity/Q16307168,элемент 168,Uho,168,,,
http://www.wikidata.org/entity/Q19599218,элемент 169,Uhe,169,,,
http://www.wikidata.org/entity/Q113084046,unseptnilium,Usn,170,,,
http://www.wikidata.org/entity/Q113084048,unseptunium,Usu,171,,,
http://www.wikidata.org/entity/Q16307164,элемент 172,Usb,172,,,
http://www.wikidata.org/entity/Q11289368,унсепттрий,Ust,173,,,
