breedLabel,breedImage
Ariege Pointer,http://commons.wikimedia.org/wiki/Special:FilePath/Pointer%20of%20Ariege%20from%201915.JPG
Cesky Fousek,http://commons.wikimedia.org/wiki/Special:FilePath/Cesky%20Fousek%20Flickr.jpg
Cesky Fousek,http://commons.wikimedia.org/wiki/Special:FilePath/Czeski%20fousek%20777.jpg
Chippiparai,http://commons.wikimedia.org/wiki/Special:FilePath/Female%20Chippiparai%20sitting.jpg
Mudhol Hound,http://commons.wikimedia.org/wiki/Special:FilePath/Caravan%20hound%20Closeupfire.jpg
Китайская собака Чунцин,http://commons.wikimedia.org/wiki/Special:FilePath/Chinese%20Chongqing%20Dog%20H%C3%BCndin.jpg
Ка де Бо,http://commons.wikimedia.org/wiki/Special:FilePath/Ca%20de%20bou%20dog.jpg
Хортая борзая,http://commons.wikimedia.org/wiki/Special:FilePath/Hortaya%20Borzaya.jpg
Bully Kutta,http://commons.wikimedia.org/wiki/Special:FilePath/Bully%20kutta%20naulakhia.tif
Bully Kutta,http://commons.wikimedia.org/wiki/Special:FilePath/PakistaniMastiffPunjab.jpg
американский стаффордширский терьер,http://commons.wikimedia.org/wiki/Special:FilePath/%282%29%20Ch%20Rowdytowns%20Hardrock%20Cafe%20-%20AmStaff.jpg
американский стаффордширский терьер,http://commons.wikimedia.org/wiki/Special:FilePath/%282%29American%20Staffordshire%20Terrier%20Mumford.jpg
американский стаффордширский терьер,http://commons.wikimedia.org/wiki/Special:FilePath/%D0%90%D0%BC%D0%B5%D1%80%D0%B8%D0%BA%D0%B0%D0%BD%D1%81%D0%BA%D0%B8%D0%B9%D0%A1%D1%82%D0%B0%D1%84%D1%84%D0%BE%D1%80%D0%B4%D1%88%D0%B8%D1%80%D1%81%D0%BA%D0%B8%D0%B9%D0%A2%D0%B5%D1%80%D1%8C%D0%B5%D1%80.jpg
американский стаффордширский терьер,http://commons.wikimedia.org/wiki/Special:FilePath/2.%20American%20Staffordshire%20Terrier.png
американский стаффордширский терьер,http://commons.wikimedia.org/wiki/Special:FilePath/American%20Staffordshire%20Sundy%201.jpg
американский стаффордширский терьер,http://commons.wikimedia.org/wiki/Special:FilePath/American%20Staffordshire%20Terrier.jpg
американский стаффордширский терьер,http://commons.wikimedia.org/wiki/Special:FilePath/AMERICAN%20STAFFORDSHIRE%20TERRIER%2C%20Zican%E2%80%99s%20Bz%20Ez%20Dragon%20%2824208348891%29.2.jpg
американский стаффордширский терьер,http://commons.wikimedia.org/wiki/Special:FilePath/AmericanStafforshireTerrier.jpg
американский стаффордширский терьер,http://commons.wikimedia.org/wiki/Special:FilePath/Amstaff%209%20months%20old%20cropped%20ears2.jpg
Алано,http://commons.wikimedia.org/wiki/Special:FilePath/Alano-espanol-0003.jpg
Алано,http://commons.wikimedia.org/wiki/Special:FilePath/Spanish%20Alano%202.jpg
Barak hound,http://commons.wikimedia.org/wiki/Special:FilePath/BIR%20Grupp%206-%20BOSANSKI%20OSTRODLAKI%20GONIC-BARAK%2C%20Sandy%20%2823866392689%29.jpg
Аппенцеллер зенненхунд,http://commons.wikimedia.org/wiki/Special:FilePath/Abora%20z%20Velk%C3%A9ho%20%C3%9Ajezda5.jpg
Аппенцеллер зенненхунд,http://commons.wikimedia.org/wiki/Special:FilePath/Appenzeller%20Sennenhund.JPG
Аппенцеллер зенненхунд,http://commons.wikimedia.org/wiki/Special:FilePath/BADDY%20Czech%20Tricolor%20%282%29.jpg
Американский эскимосский шпиц,http://commons.wikimedia.org/wiki/Special:FilePath/American%20Eskimo%20Dog.jpg
Американский эскимосский шпиц,http://commons.wikimedia.org/wiki/Special:FilePath/American%20Eskimo%20Dog%201.jpg
Бобтейл,http://commons.wikimedia.org/wiki/Special:FilePath/Bobtail.JPG
Бобтейл,http://commons.wikimedia.org/wiki/Special:FilePath/Chiot%20bobtail.jpg
Бобтейл,http://commons.wikimedia.org/wiki/Special:FilePath/Old%20english%20sheepdog%20Ch%20Bobbyclown%27s%20Dare%20for%20More.jpg
Бордер-колли,http://commons.wikimedia.org/wiki/Special:FilePath/Border%20Collie%20600.jpg
Бассет-хаунд,http://commons.wikimedia.org/wiki/Special:FilePath/BassetHoundDog.jpg
Бассет-хаунд,http://commons.wikimedia.org/wiki/Special:FilePath/Bvdb-bassethound1.jpg
Бассет-хаунд,http://commons.wikimedia.org/wiki/Special:FilePath/Bvdb-bassethound2.jpg
Босерон,http://commons.wikimedia.org/wiki/Special:FilePath/BeauceronStand.jpg
Каролинская собака,http://commons.wikimedia.org/wiki/Special:FilePath/Carolina%20Strand.jpg
Каролинская собака,http://commons.wikimedia.org/wiki/Special:FilePath/Karol%C3%ADnsk%C3%BD%20pes.jpeg
Чинук,http://commons.wikimedia.org/wiki/Special:FilePath/Chinook%20dogs.jpg
Чинук,http://commons.wikimedia.org/wiki/Special:FilePath/Mountan%20Laurel%20Ajax%20the%20Chinook%20dog.jpg
Овернский бракк,http://commons.wikimedia.org/wiki/Special:FilePath/Braque%20d%20Auvergne.jpg
Braque Français,http://commons.wikimedia.org/wiki/Special:FilePath/Wy%C5%BCe%C5%82%20pirenejski%20308.jpg
Азорская пастушья собака,http://commons.wikimedia.org/wiki/Special:FilePath/Caofila.jpg
Португальская овчарка,http://commons.wikimedia.org/wiki/Special:FilePath/Cao%20de%20Serra%20de%20Aires600.jpg
Брогольмер,http://commons.wikimedia.org/wiki/Special:FilePath/Broholmer%20634.jpg
Арденский бувье,http://commons.wikimedia.org/wiki/Special:FilePath/Boyero-de-las-ardenas7.jpg
Чешская пастушья собака,http://commons.wikimedia.org/wiki/Special:FilePath/Chodsky%20pies%2054.jpg
Чешская пастушья собака,http://commons.wikimedia.org/wiki/Special:FilePath/OREADY%20KROSANDRA%20%2814%29.JPG
Чешская пастушья собака,http://commons.wikimedia.org/wiki/Special:FilePath/Caesar%20Chodsk%C3%BD%20drahokam.jpg
Чешская пастушья собака,http://commons.wikimedia.org/wiki/Special:FilePath/OREADY%20KROSANDRA%20%2815%29.JPG
Канарский дог,http://commons.wikimedia.org/wiki/Special:FilePath/Presa-brindle4.jpg
Канарский дог,http://commons.wikimedia.org/wiki/Special:FilePath/Presa-Canario-Dogo-Brindle-Dog-1024x768.jpg
Канарский дог,http://commons.wikimedia.org/wiki/Special:FilePath/Presacanariobody.jpg
Канарский дог,http://commons.wikimedia.org/wiki/Special:FilePath/Sentaya3.jpg
Поденко ибиценко,http://commons.wikimedia.org/wiki/Special:FilePath/Podenco%20Ibienco.jpg
Поденко ибиценко,http://commons.wikimedia.org/wiki/Special:FilePath/AdemasAout2021.ret.jpg
Артуазская гончая,http://commons.wikimedia.org/wiki/Special:FilePath/Artois%20from%201915.JPG
Great Gascony Blue,http://commons.wikimedia.org/wiki/Special:FilePath/Grand%20Bleu%20de%20Gascogne%20in%20a%20blue%20dogcollar.jpg
Cursinu,http://commons.wikimedia.org/wiki/Special:FilePath/Cursinu%201.jpg
Немецкий штихельхаар,http://commons.wikimedia.org/wiki/Special:FilePath/03030288%20Deutsch%20Stichelhaa.jpg
Древер,http://commons.wikimedia.org/wiki/Special:FilePath/Drever%20NUCh%20Tanjo.jpg
Serbian Tricolour Hound,http://commons.wikimedia.org/wiki/Special:FilePath/Srpski%20Trobojni%20Gonic.gif
Английский той-терьер,http://commons.wikimedia.org/wiki/Special:FilePath/English%20Toy%20Terrier%20600%2001.jpg
Пиренейская овчарка,http://commons.wikimedia.org/wiki/Special:FilePath/Berger-des-Pyrenees%20Adeux%200302x0214.jpg
Английский фоксхаунд,http://commons.wikimedia.org/wiki/Special:FilePath/English%20foxhound.jpg
Английский фоксхаунд,http://commons.wikimedia.org/wiki/Special:FilePath/English%20Foxhound.jpg
Немецкий пинчер,http://commons.wikimedia.org/wiki/Special:FilePath/German%20Pinscher.JPG
Blue Picardy Spaniel,http://commons.wikimedia.org/wiki/Special:FilePath/Epagneul%20bleu%20de%20picardie%20868.jpg
Blue Picardy Spaniel,http://commons.wikimedia.org/wiki/Special:FilePath/Epagneul%20bleu%20de%20picardie%20g%C5%82owa%20098.jpg
Пиренейская горная собака,http://commons.wikimedia.org/wiki/Special:FilePath/Pyrenean%20Mountain%20Dog%20600.jpg
Бразильский фила,http://commons.wikimedia.org/wiki/Special:FilePath/Yacare%20De%20El%20Siledin.JPG
Дратхаар,http://commons.wikimedia.org/wiki/Special:FilePath/GermanWirehrPtr1%20wb.jpg
Лакенуа,http://commons.wikimedia.org/wiki/Special:FilePath/Belgian%20Laekenois%20600.jpg
Бриар,http://commons.wikimedia.org/wiki/Special:FilePath/Briard%20fauve.JPG
немецкий вахтельхунд,http://commons.wikimedia.org/wiki/Special:FilePath/Deutscher%20Wachtel%202.jpg
Drentse Patrijshond,http://commons.wikimedia.org/wiki/Special:FilePath/Drentse%20Patrijshond.jpg
Английская овчарка,http://commons.wikimedia.org/wiki/Special:FilePath/TricolorEnglishShepherdDog.jpg
Румынская миоритская овчарка,http://commons.wikimedia.org/wiki/Special:FilePath/Mioritic.jpg
Лангхаар,http://commons.wikimedia.org/wiki/Special:FilePath/DeutschLanghaarneu.jpg
Deutsche Bracke,http://commons.wikimedia.org/wiki/Special:FilePath/DeutscheBracke.jpg
Финская гончая,http://commons.wikimedia.org/wiki/Special:FilePath/Nuori-suomenajokoira.jpg
Pont-Audemer Spaniel,http://commons.wikimedia.org/wiki/Special:FilePath/04031158%20Epagneul%20Pont%20Audemer.jpg
Pont-Audemer Spaniel,http://commons.wikimedia.org/wiki/Special:FilePath/Epagneul%20de%20pont-audemer%20509.jpg
Pont-Audemer Spaniel,http://commons.wikimedia.org/wiki/Special:FilePath/Epagneul%20de%20pont-audemer%20h67.jpg
Boykin Spaniel,http://commons.wikimedia.org/wiki/Special:FilePath/Boykin%20spaniel.jpg
Кламбер-спаниель,http://commons.wikimedia.org/wiki/Special:FilePath/Clumber%20spaniel%20767.jpg
Кламбер-спаниель,http://commons.wikimedia.org/wiki/Special:FilePath/Clumber%20spaniel%20glowa%20rybnik-kamien%20ppl.jpg
Американский водяной спаниель,http://commons.wikimedia.org/wiki/Special:FilePath/AmWaterSpan1.jpg
Азавак,http://commons.wikimedia.org/wiki/Special:FilePath/Azawakh%20bitch%20Shira-tb.jpg
русская псовая борзая,http://commons.wikimedia.org/wiki/Special:FilePath/Bathsheba.jpg
Басенджи,http://commons.wikimedia.org/wiki/Special:FilePath/Basenji%20600.jpg
Armant,http://commons.wikimedia.org/wiki/Special:FilePath/Armant%20dog%2C%20with%20some%20orange%20stuff%20and%20trees%20in%20background.jpg
Бордоский дог,http://commons.wikimedia.org/wiki/Special:FilePath/DJT%200086.jpg
Тайский бангку,http://commons.wikimedia.org/wiki/Special:FilePath/Thai%20Bangkaew%20Dog%202.jpg
керн-терьер,http://commons.wikimedia.org/wiki/Special:FilePath/Cairn-Terrier-2008.PNG
керн-терьер,http://commons.wikimedia.org/wiki/Special:FilePath/Cairn-Terrier-Garten1.jpg
керн-терьер,http://commons.wikimedia.org/wiki/Special:FilePath/Cairn%20Terrier%20%28PSF%29.jpg
Китайская хохлатая собака,http://commons.wikimedia.org/wiki/Special:FilePath/TiaFront.jpg
Фландрский бувье,http://commons.wikimedia.org/wiki/Special:FilePath/Bouvier.JPG
Немецкий ягдтерьер,http://commons.wikimedia.org/wiki/Special:FilePath/Terier%20niemiecki%20my%C5%9Bliwski%20721.jpg
Аиди,http://commons.wikimedia.org/wiki/Special:FilePath/Aidi.jpg
Якутская лайка,http://commons.wikimedia.org/wiki/Special:FilePath/618736210a13.jpg
Lupo Italiano,http://commons.wikimedia.org/wiki/Special:FilePath/LupoItaliano.jpg
керри-блю-терьер,http://commons.wikimedia.org/wiki/Special:FilePath/Kerry%20Blue%20Terrier.jpg
Малая львиная собака,http://commons.wikimedia.org/wiki/Special:FilePath/Lowchen.jpg
Малая львиная собака,http://commons.wikimedia.org/wiki/Special:FilePath/LowchenFemale.jpg
Пикардийский спаниель,http://commons.wikimedia.org/wiki/Special:FilePath/Epagneul%20picard%20685.jpg
Пикардийский спаниель,http://commons.wikimedia.org/wiki/Special:FilePath/Epagneul%20Picard%20ter.jpg
Леопардовая собака Катахулы,http://commons.wikimedia.org/wiki/Special:FilePath/02.%20Coahoma%20Arkansas%20Logan.jpg
Леопардовая собака Катахулы,http://commons.wikimedia.org/wiki/Special:FilePath/Catahoula%20Leopard%20Dog.jpg
Леопардовая собака Катахулы,http://commons.wikimedia.org/wiki/Special:FilePath/Louisiana%20Cataholula%20Leopard%20Dog%20-%20Coahoma%20Arkansas.JPG
Леопардовая собака Катахулы,http://commons.wikimedia.org/wiki/Special:FilePath/Sasquachcatahoulaspurdy.jpg
Малый мюнстерлендер,http://commons.wikimedia.org/wiki/Special:FilePath/Kleiner%20Munsterlander%20edit.jpg
Юрская гончая,http://commons.wikimedia.org/wiki/Special:FilePath/09057110%20Jura%20Laufhund.jpg
Hanover Hound,http://commons.wikimedia.org/wiki/Special:FilePath/Hannoverscher%20Schweisshund.jpg
Ирландский мягкошёрстный пшеничный терьер,http://commons.wikimedia.org/wiki/Special:FilePath/Soft%20Coated%20Wheaten%20Terrier%20600.jpg
Польская гончая,http://commons.wikimedia.org/wiki/Special:FilePath/PolishScenthound-ChPl-NEMROD-KlusujacaSfora-wl.GrzegorzWeron.jpg
Griffon Belge,http://commons.wikimedia.org/wiki/Special:FilePath/Griffon%20belge.jpg
Американский кокер-спаниель,http://commons.wikimedia.org/wiki/Special:FilePath/AmericanCockerSpaniel%20wb.jpg
Американский кокер-спаниель,http://commons.wikimedia.org/wiki/Special:FilePath/Cocker%20Spaniel%20Puppy.jpg
Кавалер кинг чарльз спаниель,http://commons.wikimedia.org/wiki/Special:FilePath/Betty%20Verdure.Photo%20Ph.BRIZARD.JPG
Кавалер кинг чарльз спаниель,http://commons.wikimedia.org/wiki/Special:FilePath/CavalierKgChas2%20wb.jpg
Cretan Hound,http://commons.wikimedia.org/wiki/Special:FilePath/Kritikosichnilatis%201.jpg
бульмастиф,http://commons.wikimedia.org/wiki/Special:FilePath/Brindle%20bullmastiff%20female.jpg
бульмастиф,http://commons.wikimedia.org/wiki/Special:FilePath/Bullmastiff%20in%20Riga%204.JPG
бульмастиф,http://commons.wikimedia.org/wiki/Special:FilePath/Dog%20Bullmastiff%20600.jpg
Курцхаар,http://commons.wikimedia.org/wiki/Special:FilePath/%282%29BIR%20Grupp%207-%20KORTH%C3%85RIG%20VORSTEH%2C%20J%20Bj%C3%B6rnk%C3%A4rrets%20Hertzogin%20Aida%20%2824208119306%29.jpg
Курцхаар,http://commons.wikimedia.org/wiki/Special:FilePath/Duitse%20staande%20korthaar%2010-10-1.jpg
Сенбернар,http://commons.wikimedia.org/wiki/Special:FilePath/Hummel%20Vedor%20vd%20Robandahoeve.jpg
Тазы,http://commons.wikimedia.org/wiki/Special:FilePath/Chart%20%C5%9Brodkowoazjatycki%20Zeila.jpg
Эштрельская овчарка,http://commons.wikimedia.org/wiki/Special:FilePath/Cao%20da%20serra%20da%20estrela%20546.jpg
Эштрельская овчарка,http://commons.wikimedia.org/wiki/Special:FilePath/Cao%20da%20serra%20da%20estrela%20777.jpg
Эштрельская овчарка,http://commons.wikimedia.org/wiki/Special:FilePath/Cao%20da%20serra%20da%20estrela%20g%C5%82owa%20546.jpg
Као де кастро-лаборейро,http://commons.wikimedia.org/wiki/Special:FilePath/Cao%20de%20castro%20laboreiro.jpg
Словацкий копов,http://commons.wikimedia.org/wiki/Special:FilePath/MVP%20Nitra%202004%20%288%29.jpg
Maneto,http://commons.wikimedia.org/wiki/Special:FilePath/Maneto1.jpg
Ямтхунд,http://commons.wikimedia.org/wiki/Special:FilePath/Jamthlnd.jpg
Харьер,http://commons.wikimedia.org/wiki/Special:FilePath/Harrier%20tricolour.jpg
Лейкленд-терьер,http://commons.wikimedia.org/wiki/Special:FilePath/Lakeland%20Terrier.jpg
Континентальный той-спаниель,http://commons.wikimedia.org/wiki/Special:FilePath/Papillon-dog-black.jpg
Континентальный той-спаниель,http://commons.wikimedia.org/wiki/Special:FilePath/Papillons%20circa%201911.jpg
Большой швейцарский зенненхунд,http://commons.wikimedia.org/wiki/Special:FilePath/BovaroSvizzero.jpg
Большой швейцарский зенненхунд,http://commons.wikimedia.org/wiki/Special:FilePath/Duzy%20szwajcarski%20pies%20i%20entelbuher%20pl.jpg
Большой швейцарский зенненхунд,http://commons.wikimedia.org/wiki/Special:FilePath/Greater%20Swiss%20Mountain%20Dog%202018.jpg
Большой швейцарский зенненхунд,http://commons.wikimedia.org/wiki/Special:FilePath/Swissy-2009-11-02.jpg
Большой швейцарский зенненхунд,http://commons.wikimedia.org/wiki/Special:FilePath/Testagrandebovaro.jpg
Японский шпиц,http://commons.wikimedia.org/wiki/Special:FilePath/JapaneseSpitzPhoto1%20-%20hiro.jpg
Кинг чарльз спаниель,http://commons.wikimedia.org/wiki/Special:FilePath/King%20Charles%20Spaniel%20200.jpg
Кинг чарльз спаниель,http://commons.wikimedia.org/wiki/Special:FilePath/King%20Charles%20Spaniel%20Mike%203.jpg
Antebellum Bulldog,http://commons.wikimedia.org/wiki/Special:FilePath/Antebellum%20Bulldog%20Puppies.jpg
Японский хин,http://commons.wikimedia.org/wiki/Special:FilePath/Japanese%20Chin%20adult.jpg
Японский хин,http://commons.wikimedia.org/wiki/Special:FilePath/Japanese%20Chin%20portrait.jpg
Японский хин,http://commons.wikimedia.org/wiki/Special:FilePath/Japanesechins.jpg
Аляскинский кли-кай,http://commons.wikimedia.org/wiki/Special:FilePath/Standard%20Alaskan%20Klee%20Kai.jpg
Эпаньол бретон,http://commons.wikimedia.org/wiki/Special:FilePath/Brittany%20Puppy.jpg
Эпаньол бретон,http://commons.wikimedia.org/wiki/Special:FilePath/Brittany%20Spaniel%20Lincoln.jpg
Эпаньол бретон,http://commons.wikimedia.org/wiki/Special:FilePath/Epagneul%20Breton.jpg
Ирландский водяной спаниель,http://commons.wikimedia.org/wiki/Special:FilePath/Irlandzki%20spaniel%20wodny%20676.jpg
Portuguese Pointer,http://commons.wikimedia.org/wiki/Special:FilePath/Portuguese%20pointer%2011yo.jpg
Староанглийский бульдог,http://commons.wikimedia.org/wiki/Special:FilePath/Olde%20English%20Bulldogge%20Crop.jpg
Akbash,http://commons.wikimedia.org/wiki/Special:FilePath/Akbash%20Dog%20in%20CA.jpg
Akbash,http://commons.wikimedia.org/wiki/Special:FilePath/Akbash%20Dog%20male%202016.jpg
Petit Bleu de Gascogne,http://commons.wikimedia.org/wiki/Special:FilePath/Ma%C5%82y%20go%C5%84czy%20gasko%C5%84ski%20Cita%20z%20Beckova%20Cb5.jpg
Rampur Greyhound,http://commons.wikimedia.org/wiki/Special:FilePath/Rampurgreyhound.jpg
Poitevin hound,http://commons.wikimedia.org/wiki/Special:FilePath/Poitevin%20Hound.jpg
Глен оф Имаал терьер,http://commons.wikimedia.org/wiki/Special:FilePath/Adult%20Glen%20of%20Imaal%20terrier.jpg
Американский мастиф,http://commons.wikimedia.org/wiki/Special:FilePath/AM.Suma.jpg
Вольпино итальяно,http://commons.wikimedia.org/wiki/Special:FilePath/Volpino04.jpg
Burgos Retriever,http://commons.wikimedia.org/wiki/Special:FilePath/Burgos%20Pointer%20or%20Perdiguero%20de%20Burgos.JPG
Rastreador Brasileiro,http://commons.wikimedia.org/wiki/Special:FilePath/Rastreadora%20Brasileira%20Gaya.jpg
Fox Terrier Chileno,http://commons.wikimedia.org/wiki/Special:FilePath/Ratonero%20andaluz.jpg
Istrian Coarse-haired Hound,http://commons.wikimedia.org/wiki/Special:FilePath/Istrian%20hound2.jpg
Польский огар,http://commons.wikimedia.org/wiki/Special:FilePath/PolishHound-ChPl-BARD-zKicibirza-wl.AnnaWalentynowicz.JPG
Гампр,http://commons.wikimedia.org/wiki/Special:FilePath/Armenian%20Gampr%2001.jpg
Каи,http://commons.wikimedia.org/wiki/Special:FilePath/Image%20of%20Kai%20%28dog%29.jpg
Greek Harehound,http://commons.wikimedia.org/wiki/Special:FilePath/Hellinikos%20Ichnilatis.jpg
Бергамская овчарка,http://commons.wikimedia.org/wiki/Special:FilePath/Bergamasco%20600.jpg
Итальянский бракк,http://commons.wikimedia.org/wiki/Special:FilePath/BIR%20Grupp%207-%20BRACCO%20ITALIANO%2C%20Nuits%20Di%20Montemassi%20%2823866391829%29.jpg
Чирнеко дель Этна,http://commons.wikimedia.org/wiki/Special:FilePath/Cirneco%20dell%20Etna%20611.jpg
Русская цветная болонка,http://commons.wikimedia.org/wiki/Special:FilePath/Irsika.jpg
Немецкая овчарка,http://commons.wikimedia.org/wiki/Special:FilePath/GermanShep1%20wb.jpg
Немецкая овчарка,http://commons.wikimedia.org/wiki/Special:FilePath/Berger%20allemand%20en%20montagne.jpg
Джек-рассел-терьер,http://commons.wikimedia.org/wiki/Special:FilePath/Jack%20Russell%20Terrier%20exits%20den%20pipe.jpg
Irish Red and White Setter,http://commons.wikimedia.org/wiki/Special:FilePath/Irish%20Red%20And%20White%20Setter%202005.jpg
Котон-де-тулеар,http://commons.wikimedia.org/wiki/Special:FilePath/Coton%20de%20Tular%202.jpg
Шотландский сеттер,http://commons.wikimedia.org/wiki/Special:FilePath/Orrvilas%20enska%20w800px.jpg
Английский сеттер,http://commons.wikimedia.org/wiki/Special:FilePath/Engelse%20setter%20pup.JPG
Раджапалайям,http://commons.wikimedia.org/wiki/Special:FilePath/%282%29%20Isha%20female%20rajapalayam.jpg
Раджапалайям,http://commons.wikimedia.org/wiki/Special:FilePath/02.%20Bheem%20the%20male%20rajapalayam.jpg
Раджапалайям,http://commons.wikimedia.org/wiki/Special:FilePath/Rajapalayam%20Hound.PNG
бультерьер,http://commons.wikimedia.org/wiki/Special:FilePath/Bull%20terrier.jpg
бультерьер,http://commons.wikimedia.org/wiki/Special:FilePath/Bullterrierrouge%20femelle.jpg
бультерьер,http://commons.wikimedia.org/wiki/Special:FilePath/Mini%20Bull%20Terrier.jpg
Денди-динмонт-терьер,http://commons.wikimedia.org/wiki/Special:FilePath/Dandie%20Dinmont%20Terrier%20600.jpg
Кисю,http://commons.wikimedia.org/wiki/Special:FilePath/Kishu.jpg
Кисю,http://commons.wikimedia.org/wiki/Special:FilePath/Kishu%20puppy.jpg
Лхаса апсо,http://commons.wikimedia.org/wiki/Special:FilePath/Grupp%209%2C%20LHASA%20APSO%2C%20DK%20JV-13%20DK%20V-14%20DK%20V-15%20NO%20UCH%20NO%20V-15%20SE%20UCH%20Chic%20Choix%20Some%20Like%20It%20Chic%20%2824014621720%29.jpg
Лхаса апсо,http://commons.wikimedia.org/wiki/Special:FilePath/Lhasa%20Apso%202.jpg
Доберман,http://commons.wikimedia.org/wiki/Special:FilePath/Jean%20Dark%20Sn%C3%B6%20of%20Sweden.jpg
Лопарская оленегонная собака,http://commons.wikimedia.org/wiki/Special:FilePath/Lapskvallhund.jpg
Ховаварт,http://commons.wikimedia.org/wiki/Special:FilePath/Dog%20Hovavart.jpg
чихуахуа,http://commons.wikimedia.org/wiki/Special:FilePath/Chihuahua1%20bvdb.jpg
Saint-Usuge Spaniel,http://commons.wikimedia.org/wiki/Special:FilePath/EpagneuldeSaintUsuge.jpg
Saint-Usuge Spaniel,http://commons.wikimedia.org/wiki/Special:FilePath/Saint%20Usuge%20Spaniel.jpg
немецкий дог,http://commons.wikimedia.org/wiki/Special:FilePath/8675eds%20win.jpg
польский харт,http://commons.wikimedia.org/wiki/Special:FilePath/Chart%20polski%2067u7.jpg
Американский булли,http://commons.wikimedia.org/wiki/Special:FilePath/%282x%20ch%20GRAN%20DALI%29%20BOTTIcelli%20.jpg
Американский булли,http://commons.wikimedia.org/wiki/Special:FilePath/American%20Bully..jpg
Американский булли,http://commons.wikimedia.org/wiki/Special:FilePath/American%20bully.jpg
Американский булли,http://commons.wikimedia.org/wiki/Special:FilePath/American%20Bully.jpg
Американский булли,http://commons.wikimedia.org/wiki/Special:FilePath/American%20Bully%20Stud%20Male%20%2811527292106%29.jpg
Американский булли,http://commons.wikimedia.org/wiki/Special:FilePath/AmericanBully-00.jpg
Американский булли,http://commons.wikimedia.org/wiki/Special:FilePath/AmericanBully.jpg
Американский булли,http://commons.wikimedia.org/wiki/Special:FilePath/CH%20P%27NUT.jpg
Аффенпинчер,http://commons.wikimedia.org/wiki/Special:FilePath/Affenpinscher.jpg
Аффенпинчер,http://commons.wikimedia.org/wiki/Special:FilePath/Borismindre.jpg
Австрийская гончая,http://commons.wikimedia.org/wiki/Special:FilePath/Brandlbracke.JPG
Далматин,http://commons.wikimedia.org/wiki/Special:FilePath/BIR%20Grupp-%206%20DALMATINER%2C%20Mellanm%C3%B6llan%20Honey%20Pie%20%2824234227655%29.jpg
Далматин,http://commons.wikimedia.org/wiki/Special:FilePath/Dalmatien.jpg
Далматин,http://commons.wikimedia.org/wiki/Special:FilePath/Prunella%20Fitzgerald%20de%20Puech%20Barrayre.jpg
Вест-хайленд-уайт-терьер,http://commons.wikimedia.org/wiki/Special:FilePath/West%20Highland%20White%20Terrier%20Krakow.jpg
Вест-хайленд-уайт-терьер,http://commons.wikimedia.org/wiki/Special:FilePath/Westie%20head.jpg
Веттерхун,http://commons.wikimedia.org/wiki/Special:FilePath/Fryzyjski%20pies%20wodny%20u68.jpg
Мареммо-абруццкая овчарка,http://commons.wikimedia.org/wiki/Special:FilePath/Cane%20Pastore%20Abruzzese%20Abruzzo.jpg
Афганская борзая,http://commons.wikimedia.org/wiki/Special:FilePath/AKC%20Helena%20Fall%20Dog%20Show%202011.jpg
Афганская борзая,http://commons.wikimedia.org/wiki/Special:FilePath/Arabian%20Hound%20001%20U.jpg
Кане-корсо,http://commons.wikimedia.org/wiki/Special:FilePath/Anita%20Cane%20Corso%20Italiano%20allevato%20in%20Italia.jpg
Кане-корсо,http://commons.wikimedia.org/wiki/Special:FilePath/FINLEY%20DE%20LA%20MIRAGE%20DE%20TORRELLAS%2001.jpg
Бладхаунд,http://commons.wikimedia.org/wiki/Special:FilePath/Bloodhound%20800.jpg
Бигль,http://commons.wikimedia.org/wiki/Special:FilePath/Beagle%20puppy%20Cadet%202.jpg
Бигль,http://commons.wikimedia.org/wiki/Special:FilePath/MiloSmet.JPG
Аляскинский маламут,http://commons.wikimedia.org/wiki/Special:FilePath/Alaskan%20Malamute%20600.jpg
Аляскинский маламут,http://commons.wikimedia.org/wiki/Special:FilePath/Alaskanmalamute0b.jpg
Хоккайдо,http://commons.wikimedia.org/wiki/Special:FilePath/Hokkaido%2002.jpg
Gegar,http://commons.wikimedia.org/wiki/Special:FilePath/Blue-eyed%20dog%20Muks.jpg
Чау-чау,http://commons.wikimedia.org/wiki/Special:FilePath/01%20Chow%20Chow.jpg
Английский спрингер-спаниель,http://commons.wikimedia.org/wiki/Special:FilePath/Emma2.JPG
Английский спрингер-спаниель,http://commons.wikimedia.org/wiki/Special:FilePath/Englishspringerspaniel%20Winston.jpg
Английский спрингер-спаниель,http://commons.wikimedia.org/wiki/Special:FilePath/Springer%20Pair.JPG
Combai,http://commons.wikimedia.org/wiki/Special:FilePath/Kombai%20dog.jpg
Канадская эскимосская собака,http://commons.wikimedia.org/wiki/Special:FilePath/Cedpup.jpg
Каталонская овчарка,http://commons.wikimedia.org/wiki/Special:FilePath/Catalaanse%20herder.JPG
Cardigan Welsh Corgi,http://commons.wikimedia.org/wiki/Special:FilePath/Cardigan%20Welsh%20Corgi%20600.jpg
Чесапик бэй ретривер,http://commons.wikimedia.org/wiki/Special:FilePath/Chesapeake%20Bay%20Retriever1.jpg
Чесапик бэй ретривер,http://commons.wikimedia.org/wiki/Special:FilePath/Chesapeakebayretriever01-l.jpg
такса,http://commons.wikimedia.org/wiki/Special:FilePath/Dachshund%20dog%20at%20MAV-USP-edited.jpg
такса,http://commons.wikimedia.org/wiki/Special:FilePath/MiniDachshund1%20wb.jpg
такса,http://commons.wikimedia.org/wiki/Special:FilePath/Short-haired-Dachshund.jpg
такса,http://commons.wikimedia.org/wiki/Special:FilePath/Std%20Dachshund%20600.jpg
Голландская овчарка,http://commons.wikimedia.org/wiki/Special:FilePath/Hollandse%20herder%20korthaar.jpg
Датско-шведская фермерская собака,http://commons.wikimedia.org/wiki/Special:FilePath/Danish%20Farm%20Dog1604fxcr%20wb.jpg
Французский бульдог,http://commons.wikimedia.org/wiki/Special:FilePath/%D0%A4%D1%80%D0%B0%D0%BD%D1%86%D1%83%D0%B7%D1%81%D0%BA%D0%B8%D0%B5%20%D0%B1%D1%83%D0%BB%D1%8C%D0%B4%D0%BE%D0%B3%D0%B8%202013-09-02%2011-36.JPG
Французский бульдог,http://commons.wikimedia.org/wiki/Special:FilePath/Bouledogue-fauve-Gaston.jpg
Французский бульдог,http://commons.wikimedia.org/wiki/Special:FilePath/Charlie%20FrenchBulldog.jpg
Французский бульдог,http://commons.wikimedia.org/wiki/Special:FilePath/Cream%20French%20Bulldog.jpg
Французский спаниель,http://commons.wikimedia.org/wiki/Special:FilePath/04031137%20Epagneul%20Francais.jpg
Французский спаниель,http://commons.wikimedia.org/wiki/Special:FilePath/Epagneul-francais01.JPG
Французский спаниель,http://commons.wikimedia.org/wiki/Special:FilePath/Epagneulfrancais.jpg
Акита-ину,http://commons.wikimedia.org/wiki/Special:FilePath/Akita%20inu.jpeg
Корейский чиндо,http://commons.wikimedia.org/wiki/Special:FilePath/Korean%20Jindo%20Dog.jpg
Пхунсан,http://commons.wikimedia.org/wiki/Special:FilePath/Poongsandogs.JPG
Филд-спаниель,http://commons.wikimedia.org/wiki/Special:FilePath/Black%20Field%20Spaniel.jpg
Филд-спаниель,http://commons.wikimedia.org/wiki/Special:FilePath/Field%20Spaniel%2003.jpg
Филд-спаниель,http://commons.wikimedia.org/wiki/Special:FilePath/Field%20spaniel%20581.jpg
Sapsali,http://commons.wikimedia.org/wiki/Special:FilePath/Korea-Jeonju-Sapsal%20dog%20in%20front%20of%20a%20Hanok%20Village-01.jpg
Финский лаппхунд,http://commons.wikimedia.org/wiki/Special:FilePath/Finselappenhond%20louhi-no%20watermark.jpg
Финский шпиц,http://commons.wikimedia.org/wiki/Special:FilePath/Finnish%20Spitz%20600.jpg
Финский шпиц,http://commons.wikimedia.org/wiki/Special:FilePath/Finnish%20Spitz%20female%20Lisa.jpg
Финский шпиц,http://commons.wikimedia.org/wiki/Special:FilePath/Szpic%20fi%C5%84ski%20profil%20980.jpg
Прямошёрстный ретривер,http://commons.wikimedia.org/wiki/Special:FilePath/Flat-coated%20Retriever%20Molly.jpg
Прямошёрстный ретривер,http://commons.wikimedia.org/wiki/Special:FilePath/Flatcoat%20retriever%202.jpg
Прямошёрстный ретривер,http://commons.wikimedia.org/wiki/Special:FilePath/G%C5%82adkow%C5%82osy%20pies%20aportuj%C4%85cy.jpg
Тайваньская собака,http://commons.wikimedia.org/wiki/Special:FilePath/Formosan%20nina.jpg
Теломиан,http://commons.wikimedia.org/wiki/Special:FilePath/Telomian.jpg
Beagle-Harrier,http://commons.wikimedia.org/wiki/Special:FilePath/Beagle-Harrier-fr.jpg
Beagle-Harrier,http://commons.wikimedia.org/wiki/Special:FilePath/Harrier-Beagle.jpg
Beagle-Harrier,http://commons.wikimedia.org/wiki/Special:FilePath/Beagle%20harrier.JPG
Англо-французская малая гончая,http://commons.wikimedia.org/wiki/Special:FilePath/Anglo-Fran%C3%A7ais%20de%20petite%20v%C3%A9nerie.jpg
Англо-французская малая гончая,http://commons.wikimedia.org/wiki/Special:FilePath/Anglo-fran%C3%A7ais%20de%20petite%20v%C3%A9nerie%2C%20%C2%ABOp%20dem%20Hut%C2%BB%2C%20Haanenhaff-112.jpg
Арьежская гончая,http://commons.wikimedia.org/wiki/Special:FilePath/Ariegeois.jpg
Алапахский бульдог,http://commons.wikimedia.org/wiki/Special:FilePath/Alapaha%20blue%20blood%20bulldog2.jpg
Алапахский бульдог,http://commons.wikimedia.org/wiki/Special:FilePath/Alapahabulldog.jpg
Бернская гончая,http://commons.wikimedia.org/wiki/Special:FilePath/Gonczy%20bernenski%20pl1.jpg
Стародатский пойнтер,http://commons.wikimedia.org/wiki/Special:FilePath/Wy%C5%BCe%C5%82%20du%C5%84ski%20123.jpg
Альпийская таксообразная гончая,http://commons.wikimedia.org/wiki/Special:FilePath/Alpejski%20go%C5%84czy%20kr%C3%B3tkono%C5%BCny%20g%C5%82owa%2011.jpg
Альпийская таксообразная гончая,http://commons.wikimedia.org/wiki/Special:FilePath/Alpejski%20go%C5%84czy%20kr%C3%B3tkono%C5%BCny%20g99.jpg
Австралийская короткохвостая пастушья собака,http://commons.wikimedia.org/wiki/Special:FilePath/Australian%20Stumpy%20Tail%20Cattle%20Dog.jpg
Американский голый терьер,http://commons.wikimedia.org/wiki/Special:FilePath/Aht-sable%26white3.jpg
Американский голый терьер,http://commons.wikimedia.org/wiki/Special:FilePath/Am%20hairless%20terrier%20pups.jpg
Той-фокстерьер,http://commons.wikimedia.org/wiki/Special:FilePath/Amarican%20Toy%20terrier.jpg
Той-фокстерьер,http://commons.wikimedia.org/wiki/Special:FilePath/Fred2003a.jpg
Той-фокстерьер,http://commons.wikimedia.org/wiki/Special:FilePath/Toy%20Fox%20Terrier%202.jpg
Американский фоксхаунд,http://commons.wikimedia.org/wiki/Special:FilePath/AmericanFoxhound2.jpg
Американский фоксхаунд,http://commons.wikimedia.org/wiki/Special:FilePath/BIR%20Grupp%206-%20AMERICAN%20FOXHOUND%2C%20J%C3%A4%C3%A4r%C3%A4p%C3%A4%C3%A4%20Flikka%20%2823607404123%29.2.jpg
Австралийский келпи,http://commons.wikimedia.org/wiki/Special:FilePath/Bashyr.jpg
Австралийский шелковистый терьер,http://commons.wikimedia.org/wiki/Special:FilePath/02%20Australian%20Silky%20Terrier%2C%20Zack%2C%20spring%202012.jpg
Австралийский терьер,http://commons.wikimedia.org/wiki/Special:FilePath/Australian%20Terrier%20002%20U.jpg
Американская акита,http://commons.wikimedia.org/wiki/Special:FilePath/Great%20japanese%20dog00.jpg
Чёрно-подпалый кунхаунд,http://commons.wikimedia.org/wiki/Special:FilePath/Black%20and%20Tan%20Coonhound.jpg
Анатолийская овчарка,http://commons.wikimedia.org/wiki/Special:FilePath/Kangal-welpen-de%20003.jpg
Бостон-терьер,http://commons.wikimedia.org/wiki/Special:FilePath/Boston-terrier-carlos-de.JPG
малинуа,http://commons.wikimedia.org/wiki/Special:FilePath/Belgian%20Malinois%2001.jpg
малинуа,http://commons.wikimedia.org/wiki/Special:FilePath/Belgian%20Shepherd%20Malinois%20grass%20portrait.jpg
малинуа,http://commons.wikimedia.org/wiki/Special:FilePath/Grupp%201%2C%20BELGISK%20VALLHUND%2C%20MALINOIS%2C%20Krokasmedens%20Epic%20%2824014622180%29.jpg
малинуа,http://commons.wikimedia.org/wiki/Special:FilePath/HMKC%20Christmas%20Fun%20Run%202012%20%288265428196%29.jpg
малинуа,http://commons.wikimedia.org/wiki/Special:FilePath/USMC-11272.jpg
Немецкий боксёр,http://commons.wikimedia.org/wiki/Special:FilePath/1.%20Brindle%20boxer%20dog%2C%20female.jpg
Немецкий боксёр,http://commons.wikimedia.org/wiki/Special:FilePath/Boxer%20dog%20at%20MAV-USP.jpg
Левретка,http://commons.wikimedia.org/wiki/Special:FilePath/Charcik%20w%C5%82oski%20453.jpg
Восточноевропейская овчарка,http://commons.wikimedia.org/wiki/Special:FilePath/Vostochno%20Evropeiskaya%20Ovcharka.jpg
Kangal Shepherd Dog,http://commons.wikimedia.org/wiki/Special:FilePath/Kangal%20dog%20with%20spikey%20collar%2C%20Turkey.jpg
Kangal Shepherd Dog,http://commons.wikimedia.org/wiki/Special:FilePath/Kangal1.jpg
Kangal Shepherd Dog,http://commons.wikimedia.org/wiki/Special:FilePath/Kangal2.jpg
Бульдог кампейро,http://commons.wikimedia.org/wiki/Special:FilePath/Buldogue%20Campeiro.jpg
Буль-энд-терьеры,http://commons.wikimedia.org/wiki/Special:FilePath/01.%20Bull%20and%20Terrier%2C%20Paris%201863.%20%22Rose%22.png
Буль-энд-терьеры,http://commons.wikimedia.org/wiki/Special:FilePath/1837Decamps.jpg
Буль-энд-терьеры,http://commons.wikimedia.org/wiki/Special:FilePath/Bull%20%26%20Terrier%20by%20Samuel%20Raven.jpg
Гренландская собака,http://commons.wikimedia.org/wiki/Special:FilePath/Greenland%20dog%20upernavik%202007-06-02%20sample.jpg
Московская сторожевая,http://commons.wikimedia.org/wiki/Special:FilePath/Moscowwatchdog.jpg
Black Slovakian Shepherd,http://commons.wikimedia.org/wiki/Special:FilePath/8s45heryprobaobraz%20018.jpg
неаполитанский мастиф,http://commons.wikimedia.org/wiki/Special:FilePath/5%20Year%20old%20male%20in%20Napoli%20Stance%20%282%29.jpg
неаполитанский мастиф,http://commons.wikimedia.org/wiki/Special:FilePath/Mastino%20Napoletano%20R%C3%BCde%20clp.JPG
неаполитанский мастиф,http://commons.wikimedia.org/wiki/Special:FilePath/Mastino%20sylwetka.jpg
неаполитанский мастиф,http://commons.wikimedia.org/wiki/Special:FilePath/Neapolitan%20Mastiff%20Male%20Head.JPG
Английский коккер-спаниель,http://commons.wikimedia.org/wiki/Special:FilePath/Bojars%27s%20english%20cocker%20spaniel.jpg
Английский коккер-спаниель,http://commons.wikimedia.org/wiki/Special:FilePath/%22Bill%22%20-%20Cocker%20spaniel%20anglais%201.jpg
Английский коккер-спаниель,http://commons.wikimedia.org/wiki/Special:FilePath/CockerSpanielPup.jpg
Английский коккер-спаниель,http://commons.wikimedia.org/wiki/Special:FilePath/Fripouille.jpg
Хорватская овчарка,http://commons.wikimedia.org/wiki/Special:FilePath/GeraHojda09112055ZG.jpeg
Южнорусская овчарка,http://commons.wikimedia.org/wiki/Special:FilePath/South%20Russian%20Ovcharka.jpg
Английский водяной спаниель,http://commons.wikimedia.org/wiki/Special:FilePath/English%20Water%20Spaniel.jpg
Португальская водяная собака,http://commons.wikimedia.org/wiki/Special:FilePath/C%C3%A3o%20de%20agua%20Portugu%C3%AAs%202.jpg
Chilean Fox Terrier,http://commons.wikimedia.org/wiki/Special:FilePath/Chilean%20Fox%20Terrier.jpg
Chilean Fox Terrier,http://commons.wikimedia.org/wiki/Special:FilePath/Fox%20terrier%20chileno.JPG
Cordoba Fighting Dog,http://commons.wikimedia.org/wiki/Special:FilePath/Cordoba%20profile.jpg
Алабай,http://commons.wikimedia.org/wiki/Special:FilePath/2.CAO%20in%20Hungary.jpg
Алабай,http://commons.wikimedia.org/wiki/Special:FilePath/Asiat1.jpg
Алабай,http://commons.wikimedia.org/wiki/Special:FilePath/%D0%A1%D1%80%D0%B5%D0%B4%D0%BD%D0%B5%D0%B0%D0%B7%D0%B8%D0%B0%D1%82%D1%81%D0%BA%D0%B0%D1%8F%20%D0%BE%D0%B2%D1%87%D0%B0%D1%80%D0%BA%D0%B0%2C%20%D0%BC%D0%BE%D0%BB%D0%BE%D0%B4%D0%BE%D0%B9%20%D0%BA%D0%BE%D0%B1%D0%B5%D0%BB%D1%8C.jpg
Грейхаунд,http://commons.wikimedia.org/wiki/Special:FilePath/Chart%20angielski%20z.jpg
Грейхаунд,http://commons.wikimedia.org/wiki/Special:FilePath/GraceTheGreyhound.jpg
Грейхаунд,http://commons.wikimedia.org/wiki/Special:FilePath/Greyhound%20nor1-tb.jpg
Кавказская овчарка,http://commons.wikimedia.org/wiki/Special:FilePath/Owczarek%20kaukaski%2065556.jpg
Ханаанская собака,http://commons.wikimedia.org/wiki/Special:FilePath/Canaan%20Dog.jpg
Ханаанская собака,http://commons.wikimedia.org/wiki/Special:FilePath/CanaanDog3.jpg
Бразильский терьер,http://commons.wikimedia.org/wiki/Special:FilePath/TERRIER%20BRASILEIRO%2C%20DK%20JV-15%20DK%20V-15%20Jyv%C3%A4m%C3%A4en%20Zircon%20Zr%20%2824265479706%29.2.jpg
Montenegrin Mountain Hound,http://commons.wikimedia.org/wiki/Special:FilePath/Montenegrin%20Mountain%20Hound%202.jpg
Чёрный терьер,http://commons.wikimedia.org/wiki/Special:FilePath/Malahovkaja%20Serenada.jpg
Чёрный терьер,http://commons.wikimedia.org/wiki/Special:FilePath/Russianblack.jpg
Istrian Shorthaired Hound,http://commons.wikimedia.org/wiki/Special:FilePath/Istrische%20Bracke.jpg
Чешский терьер,http://commons.wikimedia.org/wiki/Special:FilePath/Cesky-Terier.jpg
Ирландский терьер,http://commons.wikimedia.org/wiki/Special:FilePath/Terier%20irlandzki%20g%C5%82owa%20pl.jpg
Колли длинношёрстный,http://commons.wikimedia.org/wiki/Special:FilePath/AmericanCollie2.jpg
Колли длинношёрстный,http://commons.wikimedia.org/wiki/Special:FilePath/Rough%20Collie%20head.jpg
Чехословацкая волчья собака,http://commons.wikimedia.org/wiki/Special:FilePath/TWH-jolly.JPG
Баскская овчарка,http://commons.wikimedia.org/wiki/Special:FilePath/Pastor%20vasco%20m%2014months%20loby%203018.jpg
Немецкий шпиц,http://commons.wikimedia.org/wiki/Special:FilePath/Un%20chien%20Spitz%20allemand.jpg
Ирландский волкодав,http://commons.wikimedia.org/wiki/Special:FilePath/%282%29%20Irish%20Wolfhound%204.jpg
Ирландский волкодав,http://commons.wikimedia.org/wiki/Special:FilePath/IrishWolfhoundPair.jpg
Комондор,http://commons.wikimedia.org/wiki/Special:FilePath/Komondor%20dog%20breed.jpg
Комондор,http://commons.wikimedia.org/wiki/Special:FilePath/Komondor%20Westminster%20Dog%20Show%20crop.jpg
Тервюрен (порода собак),http://commons.wikimedia.org/wiki/Special:FilePath/Tervuren.jpg
Золотистый ретривер,http://commons.wikimedia.org/wiki/Special:FilePath/Golden%20Retriever%20Dukedestiny01%20drvd.jpg
Ризеншнауцер,http://commons.wikimedia.org/wiki/Special:FilePath/Bvdb-riesen%20schnauzer.jpg
Ризеншнауцер,http://commons.wikimedia.org/wiki/Special:FilePath/Impulsivo%20Iwo%20Goldest%20Danubius.jpg
Ризеншнауцер,http://commons.wikimedia.org/wiki/Special:FilePath/Stablemaster%27s%20NORTHERN%20HOPE%28Poznan2006%29.jpg
Муди,http://commons.wikimedia.org/wiki/Special:FilePath/Hondenras%20Mudi.jpg
нагази,http://commons.wikimedia.org/wiki/Special:FilePath/Georgia%20Shepherd.jpg
нагази,http://commons.wikimedia.org/wiki/Special:FilePath/Georgian%20Shepherd%20At%20The%20Vine.jpg
Мопс,http://commons.wikimedia.org/wiki/Special:FilePath/2.5-year-old%20fawn%20male%20pug.jpg
Мопс,http://commons.wikimedia.org/wiki/Special:FilePath/Fawn%20pug%202.5year-old.JPG
Мопс,http://commons.wikimedia.org/wiki/Special:FilePath/Mops-duke-mopszucht-vom-maegdebrunnen.jpg
Мопс,http://commons.wikimedia.org/wiki/Special:FilePath/Mops%20oct09%20cropped.jpg
Ньюфаундленд,http://commons.wikimedia.org/wiki/Special:FilePath/Newfoundland%20brown.jpg
Ньюфаундленд,http://commons.wikimedia.org/wiki/Special:FilePath/Newfoundland%20dog%20Smoky.jpg
Ньюфаундленд,http://commons.wikimedia.org/wiki/Special:FilePath/Newfoundlander%20head.JPG
Исландская собака,http://commons.wikimedia.org/wiki/Special:FilePath/Ulfur.jpg
Коикерхондье,http://commons.wikimedia.org/wiki/Special:FilePath/Kooiker03.jpg
Great Anglo-French White and Black Hound,http://commons.wikimedia.org/wiki/Special:FilePath/Grand%20anglo%20francais%20noir.jpg
Great Anglo-French Tricolour Hound,http://commons.wikimedia.org/wiki/Special:FilePath/Grand%20anglo%20francais%20tricol%20mod.jpg
Лабрадор ретривер,http://commons.wikimedia.org/wiki/Special:FilePath/Chez%20at%20Quantock%20Show%20%282828227333%29.jpg
Лабрадор ретривер,http://commons.wikimedia.org/wiki/Special:FilePath/Chocolate%20Labrador%20Retrievers%20pair.jpg
Лабрадор ретривер,http://commons.wikimedia.org/wiki/Special:FilePath/Gul%20labradortik.JPG
Лабрадор ретривер,http://commons.wikimedia.org/wiki/Special:FilePath/Jack%20daniels08.jpg
Лабрадор ретривер,http://commons.wikimedia.org/wiki/Special:FilePath/Labr.jpg
Лабрадор ретривер,http://commons.wikimedia.org/wiki/Special:FilePath/Labrador%20Retriever%20%281210559%29.jpg
Лабрадор ретривер,http://commons.wikimedia.org/wiki/Special:FilePath/Labrador%20Retriever%20chocolate%20Hershey%20sit.jpg
Лабрадор ретривер,http://commons.wikimedia.org/wiki/Special:FilePath/Retriever%20Du%20Labrador.jpg
Лабрадор ретривер,http://commons.wikimedia.org/wiki/Special:FilePath/Yellow%20Labrador%20Retriever%202.jpg
Гончая Шиллера,http://commons.wikimedia.org/wiki/Special:FilePath/Go%C5%84czy%20schillera%20g%C5%82owa%20j87.jpg
Эстонская гончая,http://commons.wikimedia.org/wiki/Special:FilePath/Go%C5%84czy%20esto%C5%84ski%20MB%2001.jpg
Малая швейцарская гончая,http://commons.wikimedia.org/wiki/Special:FilePath/08115491%20Schwyzer%20Niederlaufhund.jpg
Great Anglo-French White and Orange Hound,http://commons.wikimedia.org/wiki/Special:FilePath/06101298%20Grand%20anglo%20francais%20orange.jpg
Gull Terr,http://commons.wikimedia.org/wiki/Special:FilePath/GULL%20TERR%20%28PAKISTANI%20BULL%20TERRIER%29.jpg
Смоландская гончая,http://commons.wikimedia.org/wiki/Special:FilePath/Smaland-St%C3%B6vare.jpg
Мальтийская болонка,http://commons.wikimedia.org/wiki/Special:FilePath/01%20AKC%20Maltese%20Dog%20Show%202013.jpg
Мальтийская болонка,http://commons.wikimedia.org/wiki/Special:FilePath/Maltese%20600.jpg
Мальтийская болонка,http://commons.wikimedia.org/wiki/Special:FilePath/Maltezer%20Vereniging%20Belgie.jpg
Мальтийская болонка,http://commons.wikimedia.org/wiki/Special:FilePath/MetropolitanMalteseRescue.jpg
Ирландский красный сеттер,http://commons.wikimedia.org/wiki/Special:FilePath/Can%20Setter%20dog%20GFDL.jpg
Пиренейский мастиф,http://commons.wikimedia.org/wiki/Special:FilePath/MasPiri-Lula-ESP.jpg
Большой мюнстерлендер,http://commons.wikimedia.org/wiki/Special:FilePath/GrosserMuensterlaender.jpg
Норфолк-терьер,http://commons.wikimedia.org/wiki/Special:FilePath/2%20Norfolks.jpg
Норфолк-терьер,http://commons.wikimedia.org/wiki/Special:FilePath/Beccles.jpg
Норфолк-терьер,http://commons.wikimedia.org/wiki/Special:FilePath/Charmonty%20Norfolkterrier.jpg
Норфолк-терьер,http://commons.wikimedia.org/wiki/Special:FilePath/Norfolk%20terri%C3%ABr%2C%20Bruno%2C%209%20weken%20oud-%202014-01-15%2016-16.jpg
беспородная собака,http://commons.wikimedia.org/wiki/Special:FilePath/Mutt%20dog.%20%E2%80%9CCanis%20lupus%20familiaris%E2%80%9D%2001.jpg
Куньминская овчарка,http://commons.wikimedia.org/wiki/Special:FilePath/Kunming%20Dog.jpg
Ландсир,http://commons.wikimedia.org/wiki/Special:FilePath/Landseer.jpg
Пекинес,http://commons.wikimedia.org/wiki/Special:FilePath/Peki%C5%84czyk%20651.jpg
Пекинес,http://commons.wikimedia.org/wiki/Special:FilePath/Peki%C5%84czyk%20f64.jpg
Пекинес,http://commons.wikimedia.org/wiki/Special:FilePath/Pekingese001.JPG
Норвежский чёрный элкхунд,http://commons.wikimedia.org/wiki/Special:FilePath/BlackNorwegianElkhound.jpg
Словацкий чувач,http://commons.wikimedia.org/wiki/Special:FilePath/Cuvac%201.jpg
Веймаранер,http://commons.wikimedia.org/wiki/Special:FilePath/Weimaraner%20Amigo.jpg
шарпей,http://commons.wikimedia.org/wiki/Special:FilePath/Adult%20sharpei.jpg
шарпей,http://commons.wikimedia.org/wiki/Special:FilePath/BIR%20Grupp%202-SHAR%20PEI%2C%20Sharpuggles%20Moulin%20Rouge%20%2823605985414%29.jpg
Швейцарская гончая,http://commons.wikimedia.org/wiki/Special:FilePath/Vycvik%20Stopy%20%283%29.JPG
Карликовый пинчер,http://commons.wikimedia.org/wiki/Special:FilePath/Grupp%202%20DV%C3%84RGPINCHER%2C%20Pincerella%E2%80%99s%20Rinaldo%20Rosso%20%2824260846206%29.jpg
Карликовый пинчер,http://commons.wikimedia.org/wiki/Special:FilePath/Ritaglio%20-%20Pinscher%20dall%27alto.png
Карликовый пинчер,http://commons.wikimedia.org/wiki/Special:FilePath/Zwergpinscher%20adult%20Ch.%20Mirzan%20del%20Piervez.jpg
Тоса-ину,http://commons.wikimedia.org/wiki/Special:FilePath/Bukadai.jpg
Цвергшнауцер,http://commons.wikimedia.org/wiki/Special:FilePath/%D0%9F%D0%B8%D1%82%D0%BE%D0%BC%D0%BD%D0%B8%D0%BA%20%22%D0%90%D1%81%D1%81%D0%BE%D0%BD%20%D0%90%D1%80%D0%B8%22%20%D0%A6%D0%B2%D0%B5%D1%80%D0%B3%D1%88%D0%BD%D0%B0%D1%83%D1%86%D0%B5%D1%80%D1%8B%20%D0%B1%D0%B5%D0%BB%D1%8B%D0%B5%20%D0%B8%20%D1%87%D0%B5%D1%80%D0%BD%D1%8B%D0%B5%20%D1%81%20%D1%81%D0%B5%D1%80%D0%B5%D0%B1%D1%80%D0%BE%D0%BC%2012.jpg
Самоедская собака,http://commons.wikimedia.org/wiki/Special:FilePath/Samojed00.jpg
Шипперке,http://commons.wikimedia.org/wiki/Special:FilePath/Schipperke1.jpg
Шипперке,http://commons.wikimedia.org/wiki/Special:FilePath/Schipperke0001.jpg
Родезийский риджбек,http://commons.wikimedia.org/wiki/Special:FilePath/Akani%20Stehbild.JPG
Родезийский риджбек,http://commons.wikimedia.org/wiki/Special:FilePath/Grupp%206%20RHODESIAN%20RIDGEBACK%2C%20NO%20JV-15%20SE%20VCH%20Kadamo%20I%E2%80%99m%20In%20It%20For%20The%20Gold%20%2823920356649%29.jpg
Родезийский риджбек,http://commons.wikimedia.org/wiki/Special:FilePath/Ntombi%20akiki01.JPG
Родезийский риджбек,http://commons.wikimedia.org/wiki/Special:FilePath/Rhodesian%20Ridgeback%20ridges.jpg
Шотландский терьер,http://commons.wikimedia.org/wiki/Special:FilePath/Scotish%20terrier%20burleska%202005.jpg
Вельш-терьер,http://commons.wikimedia.org/wiki/Special:FilePath/Welshterrier.jpg
Вельш-спрингер-спаниель,http://commons.wikimedia.org/wiki/Special:FilePath/Welsh%20Springer%20Spaniel%201.jpg
Скайтерьер,http://commons.wikimedia.org/wiki/Special:FilePath/Skye%20terrier%20800.jpg
Шелти,http://commons.wikimedia.org/wiki/Special:FilePath/ShetlandShpdogBlue2%20wb.jpg
Португальский поденгу,http://commons.wikimedia.org/wiki/Special:FilePath/Podengo%20Portugues.jpg
Силихем-терьер,http://commons.wikimedia.org/wiki/Special:FilePath/Sealyham%20terrier.JPG
Силихем-терьер,http://commons.wikimedia.org/wiki/Special:FilePath/SealyhamTerrier01.jpg
Рафейру ду Алентежу,http://commons.wikimedia.org/wiki/Special:FilePath/Rafeiro%20male.jpg
Шведский вальхунд,http://commons.wikimedia.org/wiki/Special:FilePath/SwedishVallhundAgility%20wb.jpg
Posavac Hound,http://commons.wikimedia.org/wiki/Special:FilePath/Posavac.jpg
Вандейский бассет-гриффон,http://commons.wikimedia.org/wiki/Special:FilePath/P%20Basset%20Griffon%20Vendeen%20600.jpg
Фарфоровая гончая,http://commons.wikimedia.org/wiki/Special:FilePath/Porcelaine.jpg
Фарфоровая гончая,http://commons.wikimedia.org/wiki/Special:FilePath/Porcelaine%202009%20pl4.jpg
Tyrolean Hound,http://commons.wikimedia.org/wiki/Special:FilePath/Tiroler%20Bracke.jpg
Ротвейлер,http://commons.wikimedia.org/wiki/Special:FilePath/%2801%29%20Rottweiler%205830118718%20ce2570e348%20o.jpg
Ротвейлер,http://commons.wikimedia.org/wiki/Special:FilePath/3Rottweilers%20getting%20ready%20for%20a%20side-on%20examination.jpg
Ротвейлер,http://commons.wikimedia.org/wiki/Special:FilePath/DKV%20Rottweilers%20Shakira%20Von%20Der%20Korperkraft.jpg
Ротвейлер,http://commons.wikimedia.org/wiki/Special:FilePath/Rocky%209%20month.PNG
Ротвейлер,http://commons.wikimedia.org/wiki/Special:FilePath/Rottweiler-Head.2.jpg
Ротвейлер,http://commons.wikimedia.org/wiki/Special:FilePath/Rottweiler0b.jpg
Westphalian Dachsbracke,http://commons.wikimedia.org/wiki/Special:FilePath/Westf%C3%A4lische-dachsbracke.JPG
Westphalian Dachsbracke,http://commons.wikimedia.org/wiki/Special:FilePath/Westf%C3%A4lische%20Dachsbracke.jpg
Польская подгалянская овчарка,http://commons.wikimedia.org/wiki/Special:FilePath/Polski%20Owczarek%20Podhalanski.jpg
Русский охотничий спаниель,http://commons.wikimedia.org/wiki/Special:FilePath/Russpaniel.jpg
Салюки,http://commons.wikimedia.org/wiki/Special:FilePath/Red%20Smooth%20Saluki.jpg
Phu Quoc ridgeback dog,http://commons.wikimedia.org/wiki/Special:FilePath/Phu%20Quoc%20dog.jpg
Уиппет,http://commons.wikimedia.org/wiki/Special:FilePath/Whippet.JPG
Сабуесо эспаньол,http://commons.wikimedia.org/wiki/Special:FilePath/Angoi%20de%20A%20Fonsagrada.JPG
Шведский лаппхунд,http://commons.wikimedia.org/wiki/Special:FilePath/Svensk%20lapphund.JPG
Торньяк,http://commons.wikimedia.org/wiki/Special:FilePath/Bosniantornjak.jpg
Суссекс-спаниель,http://commons.wikimedia.org/wiki/Special:FilePath/Sussex%20spaniel%20t43.jpg
Сикоку,http://commons.wikimedia.org/wiki/Special:FilePath/Shikoku%20dog.jpg
Segugio Italiano,http://commons.wikimedia.org/wiki/Special:FilePath/Segugioitalianopelorasofulvo.JPG
Шапендуа,http://commons.wikimedia.org/wiki/Special:FilePath/Schapendoes.jpg
Итальянский спиноне,http://commons.wikimedia.org/wiki/Special:FilePath/Spinone%20italiano%20Daisy.JPG
Тайский риджбек,http://commons.wikimedia.org/wiki/Special:FilePath/Thai-Ridgeback.jpg
Русский той,http://commons.wikimedia.org/wiki/Special:FilePath/RusskiyToyWelpe9Mon.JPG
Тибетский спаниель,http://commons.wikimedia.org/wiki/Special:FilePath/Tibetansk%20spaniel.jpg
Stabijhoun,http://commons.wikimedia.org/wiki/Special:FilePath/Frisianstaby.jpg
Plott Hound,http://commons.wikimedia.org/wiki/Special:FilePath/Plotthound.jpg
Испанская водяная собака,http://commons.wikimedia.org/wiki/Special:FilePath/Hiszpa%C5%84ski%20pies%20wodny%20333.jpg
Шелковистый виндхаунд,http://commons.wikimedia.org/wiki/Special:FilePath/Fallon%20the%20Silken%20Windhound.jpg
Словацкая грубошёрстная легавая,http://commons.wikimedia.org/wiki/Special:FilePath/Bella%20z%20Milhostovskych%20poli.jpg
Австрийский брудастый бракк,http://commons.wikimedia.org/wiki/Special:FilePath/Steirische%20Rauhhaarbracke.jpg
Фокстерьер,http://commons.wikimedia.org/wiki/Special:FilePath/01%20Wire%20Fox%20terrier.jpg
Shiloh Shepherd,http://commons.wikimedia.org/wiki/Special:FilePath/Plushcoatshilohshepherd.jpg
Тайган,http://commons.wikimedia.org/wiki/Special:FilePath/Tajgan%20MB%20002.jpg
Древесная енотовая гончая,http://commons.wikimedia.org/wiki/Special:FilePath/Treeing-walker-coonhound-standing.jpg
Villano de las Encartaciones,http://commons.wikimedia.org/wiki/Special:FilePath/Trucios%20perro%20villano.jpg
Villano de las Encartaciones,http://commons.wikimedia.org/wiki/Special:FilePath/Villano%20de%20las%20encartacines.JPG
Фален,http://commons.wikimedia.org/wiki/Special:FilePath/Spaniel%20miniaturowy%20kontynentalny%20phalene%2000.jpg
Андалузский поденко,http://commons.wikimedia.org/wiki/Special:FilePath/Podenco%20chico.jpg
Italian rough-haired Segugio,http://commons.wikimedia.org/wiki/Special:FilePath/SIPF%20larger.jpg
Стаффордширский бультерьер,http://commons.wikimedia.org/wiki/Special:FilePath/GLIMMER%20MAN%20Domidar%20Dogs.jpg
Стаффордширский бультерьер,http://commons.wikimedia.org/wiki/Special:FilePath/Rumble%20Champion%20Staffy.jpg
Стаффордширский бультерьер,http://commons.wikimedia.org/wiki/Special:FilePath/Staffie.jpg
Стаффордширский бультерьер,http://commons.wikimedia.org/wiki/Special:FilePath/Staffieborys.jpg
сибирский хаски,http://commons.wikimedia.org/wiki/Special:FilePath/Siberian-husky-1291343%201920.jpg
Волчья собака Сарлоса,http://commons.wikimedia.org/wiki/Special:FilePath/Saarlooswolfhond.jpg
Сиба-ину,http://commons.wikimedia.org/wiki/Special:FilePath/Shiba%20inu%20taiki.jpg
Сиба-ину,http://commons.wikimedia.org/wiki/Special:FilePath/Shiba3.jpg
тибетский мастиф,http://commons.wikimedia.org/wiki/Special:FilePath/WangdurivoiraTM.jpg
Йоркширский терьер,http://commons.wikimedia.org/wiki/Special:FilePath/Imageyorkie.png
Йоркширский терьер,http://commons.wikimedia.org/wiki/Special:FilePath/Jokersideface.jpg
Йоркширский терьер,http://commons.wikimedia.org/wiki/Special:FilePath/Cachorros.jpg
Petit Gascon Saintongeois,http://commons.wikimedia.org/wiki/Special:FilePath/Petit%20Gascon%20de%20Saintonge%202.JPG
Русско-европейская лайка,http://commons.wikimedia.org/wiki/Special:FilePath/Russo%20European%20Laika.jpg
Pachón Navarro,http://commons.wikimedia.org/wiki/Special:FilePath/NAFAR%20EPER%20TXAKURRA%201890.jpg
Ши-тцу,http://commons.wikimedia.org/wiki/Special:FilePath/Shih-Tzu.jpg
Toy Manchester Terrier,http://commons.wikimedia.org/wiki/Special:FilePath/Toy-manchester-terrier-weave.png
Шарпланинская овчарка,http://commons.wikimedia.org/wiki/Special:FilePath/Sarplaninac%20Urok1007.jpg
Голубой гасконский бассет,http://commons.wikimedia.org/wiki/Special:FilePath/Basset%20bleu%20de%20Gascogne.jpg
Бордер терьер,http://commons.wikimedia.org/wiki/Special:FilePath/Border%20Terri%C3%ABr.JPG
Артезиано-нормандский бассет,http://commons.wikimedia.org/wiki/Special:FilePath/Grupp%206%20BASSET%20ART%C3%89SIEN%20NORMAND%2C%20Skogvaktarens%20Queen%20Sally%20%2824180074612%29.jpg
Болоньез,http://commons.wikimedia.org/wiki/Special:FilePath/Bolo%C5%84czyk%205e3.jpg
Болоньез,http://commons.wikimedia.org/wiki/Special:FilePath/Bolognese%20Image%202.jpg
Bluetick Coonhound,http://commons.wikimedia.org/wiki/Special:FilePath/BluetickCoonhound.jpg
Рыжий бретонский бассет,http://commons.wikimedia.org/wiki/Special:FilePath/Basset%20Fauve%20de%20Bretagne%20600.jpg
Махореро,http://commons.wikimedia.org/wiki/Special:FilePath/Bardina-Donna-1.jpg
Serbian Hound,http://commons.wikimedia.org/wiki/Special:FilePath/Serbian%20Hound%20Face.JPG
Бивер-йоркширский терьер,http://commons.wikimedia.org/wiki/Special:FilePath/BiewerH%C3%BCndin.jpg
Баварская горная гончая,http://commons.wikimedia.org/wiki/Special:FilePath/2005-09%20Zoran%201.jpg
Баварская горная гончая,http://commons.wikimedia.org/wiki/Special:FilePath/BayerischerGebirgsSchweisshund.jpg
Английская енотовая гончая,http://commons.wikimedia.org/wiki/Special:FilePath/Maddie%20%288416820450%29.jpg
Блю-лейси,http://commons.wikimedia.org/wiki/Special:FilePath/BlueLacyPhoto1.jpg
бедлингтон-терьер,http://commons.wikimedia.org/wiki/Special:FilePath/Bedlington%20terrier.jpeg
бедлингтон-терьер,http://commons.wikimedia.org/wiki/Special:FilePath/Bedlington%20Terriers.jpg
Барбет,http://commons.wikimedia.org/wiki/Special:FilePath/Chien%20de%20race%20Barbet.jpg
бурбуль,http://commons.wikimedia.org/wiki/Special:FilePath/Boerboel.jpg
Австралийская пастушья собака,http://commons.wikimedia.org/wiki/Special:FilePath/Australian%20blue%20cattle%20dog%2004.JPG
Австралийская пастушья собака,http://commons.wikimedia.org/wiki/Special:FilePath/AustrCattleDogRed%20wb.jpg
Бишон фризе,http://commons.wikimedia.org/wiki/Special:FilePath/Bichon%20Fris%C3%A9%20-%20studdogbichon.jpg
Бишон фризе,http://commons.wikimedia.org/wiki/Special:FilePath/Bichon%20Fris%C3%A9%20sitting.jpg
американский бульдог,http://commons.wikimedia.org/wiki/Special:FilePath/BUCKEYE%202010%20ANCHOR%20BULLY%20RASCALZ.jpg
американский бульдог,http://commons.wikimedia.org/wiki/Special:FilePath/PSI%27s%20Bullseye.jpg
американский бульдог,http://commons.wikimedia.org/wiki/Special:FilePath/Warrior%20American%20Bulldog%20puppy.jpg
Бернский зенненхунд,http://commons.wikimedia.org/wiki/Special:FilePath/Bernese%20Mountain%20Dog%20%284513769952%29.jpg
Бернский зенненхунд,http://commons.wikimedia.org/wiki/Special:FilePath/Bouviers%20Bernois%20Ganjo.jpg
американский питбультерьер,http://commons.wikimedia.org/wiki/Special:FilePath/000%20American%20Pit%20Bull%20Terrier.jpg
американский питбультерьер,http://commons.wikimedia.org/wiki/Special:FilePath/007%20American%20Pit%20Bull%20Terrier.jpg
американский питбультерьер,http://commons.wikimedia.org/wiki/Special:FilePath/American%20Pit%20Bull%20Terrier%20-%20Seated.jpg
американский питбультерьер,http://commons.wikimedia.org/wiki/Special:FilePath/American%20Pit%20Bull%20Terrier%20dog%20conformation%20line%20art%2020191217.jpg
американский питбультерьер,http://commons.wikimedia.org/wiki/Special:FilePath/American%20Pitbull%20001.jpg
американский питбультерьер,http://commons.wikimedia.org/wiki/Special:FilePath/Ginger%20December%203579836414e4b5ce786eoPitBull.jpg
американский питбультерьер,http://commons.wikimedia.org/wiki/Special:FilePath/Pit%20Bull%20Red%20Nose-Tyson.JPG
американский питбультерьер,http://commons.wikimedia.org/wiki/Special:FilePath/Pitbull-Mammal-3021892-1920.jpg
Эрдельтерьер,http://commons.wikimedia.org/wiki/Special:FilePath/Airedale%20Terrier.jpg
Эрдельтерьер,http://commons.wikimedia.org/wiki/Special:FilePath/AiredaleDog.jpg
Бородатая колли,http://commons.wikimedia.org/wiki/Special:FilePath/Bearded%20collie%2071.jpg
Бородатая колли,http://commons.wikimedia.org/wiki/Special:FilePath/Bearded%20collie%20and%20a%20rope.jpg
Бельгийская овчарка,http://commons.wikimedia.org/wiki/Special:FilePath/04%20-%20Belgian%20shepherd%20dog%20varieties%20-%20Groenendael%2CTervuren%2C%20Malinois%2C%20Laekenois.jpg
Австралийская овчарка,http://commons.wikimedia.org/wiki/Special:FilePath/Aussi.jpg
Австралийская овчарка,http://commons.wikimedia.org/wiki/Special:FilePath/Australian%20Shepherd%20600.jpg
Австралийская овчарка,http://commons.wikimedia.org/wiki/Special:FilePath/Moulderright.JPG
Бурбонский бракк,http://commons.wikimedia.org/wiki/Special:FilePath/Braque%20du%20Bourbonnais.jpg
Пикардийская овчарка,http://commons.wikimedia.org/wiki/Special:FilePath/Owczarek%20pikardyjski%2063.jpg
Billy,http://commons.wikimedia.org/wiki/Special:FilePath/Billy%28dog%29.jpg
Уругвайский симаррон,http://commons.wikimedia.org/wiki/Special:FilePath/PERRO%20CIMARRON.jpg
Средний вандейский гриффон,http://commons.wikimedia.org/wiki/Special:FilePath/Briquet%20Griffon%20Vendeen.jpg
Майоркская овчарка,http://commons.wikimedia.org/wiki/Special:FilePath/Ca%20de%20Bestiar.JPG
Дункер (порода собак),http://commons.wikimedia.org/wiki/Special:FilePath/Dunker.jpg
Braque du Puy,http://commons.wikimedia.org/wiki/Special:FilePath/Leuhusen%20Braque%20Dupuy.jpg
Braque Saint-Germain,http://commons.wikimedia.org/wiki/Special:FilePath/Braque%20saint-germain%20666.jpg
Mallorcan ratter,http://commons.wikimedia.org/wiki/Special:FilePath/Ratero%20mallorquin.JPG
аргентинский дог,http://commons.wikimedia.org/wiki/Special:FilePath/0Dogo-argentino-22122251920.jpg
аргентинский дог,http://commons.wikimedia.org/wiki/Special:FilePath/Dogo%20Argentino%20-Argentijnse%20dog%2014-04-2010%2017-00-50.jpg
Буковинская овчарка,http://commons.wikimedia.org/wiki/Special:FilePath/Bucovina%20Sheepdog.jpg
Испанский гальго,http://commons.wikimedia.org/wiki/Special:FilePath/Galgo%20espagnol%20005.jpg
Слугги,http://commons.wikimedia.org/wiki/Special:FilePath/Sloughi.jpg
Дирхаунд,http://commons.wikimedia.org/wiki/Special:FilePath/Deerhound%20305.jpg
Дирхаунд,http://commons.wikimedia.org/wiki/Special:FilePath/Grupp%2010%2C%20SKOTSK%20HJORTHUND%2C%20SEJV-12%20SE%20UCH%20Necesse%E2%80%99s%20Ars%20Amandi%20%2823664806293%29.jpg
Белая швейцарская овчарка,http://commons.wikimedia.org/wiki/Special:FilePath/WhiteShepherd.jpg
испанский мастиф,http://commons.wikimedia.org/wiki/Special:FilePath/Mastify%20hiszpanskie.jpg
Большой вандейский гриффон,http://commons.wikimedia.org/wiki/Special:FilePath/Rosa%20Bonheur%20Grand%20Griffon%20Vendeen.jpg
Евразиер,http://commons.wikimedia.org/wiki/Special:FilePath/Eurasier.jpg
Карельская медвежья собака,http://commons.wikimedia.org/wiki/Special:FilePath/Karelski%20pies%20na%20nied%C5%BAwiedzie%20sylwetka.JPG
Крашская овчарка,http://commons.wikimedia.org/wiki/Special:FilePath/Owczarek%20kraski%20654.jpg
Mucuchies,http://commons.wikimedia.org/wiki/Special:FilePath/Mucuchies%20dog%20in%20%C3%81vila%20Mont%20cut%20version.jpg
Lucernese Hound,http://commons.wikimedia.org/wiki/Special:FilePath/09057120%20Luzerner%20Laufhund.jpg
Miniature Bull Terrier,http://commons.wikimedia.org/wiki/Special:FilePath/Bull%20Terrier%20Miniature.jpg
Голландский смоусхонд,http://commons.wikimedia.org/wiki/Special:FilePath/Hollandsche%20smoushonden%202.JPG
Ланкаширский хилер,http://commons.wikimedia.org/wiki/Special:FilePath/Lancashire%20Heeler%20600.jpg
Kerry Beagle,http://commons.wikimedia.org/wiki/Special:FilePath/Kerry%20Beagle.jpg
Японский терьер,http://commons.wikimedia.org/wiki/Special:FilePath/Japanese%20Terrier%2022.04.2012%202pl.jpg
Гамильтонстёваре,http://commons.wikimedia.org/wiki/Special:FilePath/Hamiltonstovare%20600.jpg
Halden Hound,http://commons.wikimedia.org/wiki/Special:FilePath/Haldenstovare.jpg
Энтлебухер зенненхунд,http://commons.wikimedia.org/wiki/Special:FilePath/Entlebucher.jpg
Энтлебухер зенненхунд,http://commons.wikimedia.org/wiki/Special:FilePath/Entlebucher%20Puppy%20on%20lawn.jpg
Энтлебухер зенненхунд,http://commons.wikimedia.org/wiki/Special:FilePath/Entlebucher%20sennenhond.jpg
Энтлебухер зенненхунд,http://commons.wikimedia.org/wiki/Special:FilePath/Entlebucher2%20wb.jpg
Энтлебухер зенненхунд,http://commons.wikimedia.org/wiki/Special:FilePath/Sennenhund.jpg
Blue Gascony Griffon,http://commons.wikimedia.org/wiki/Special:FilePath/04031124%20Griffon%20Bleu%20de%20Gascogne.jpg
Fawn Brittany Griffon,http://commons.wikimedia.org/wiki/Special:FilePath/08115500%20Griffon%20Fauve%20Bretagne.jpg
Fawn Brittany Griffon,http://commons.wikimedia.org/wiki/Special:FilePath/GriffonFauveDeBretagne6Monate.jpg
Gascon Saintongeois,http://commons.wikimedia.org/wiki/Special:FilePath/Petit%20Gascon%20Saintongeois%20croped.JPG
Large Vendeen Griffon Basset,http://commons.wikimedia.org/wiki/Special:FilePath/G%20Basset%20Griffon%20Vendeen%20600.jpg
Griffon à poil laineux,http://commons.wikimedia.org/wiki/Special:FilePath/Griffon%20Boulet%20from%201915.JPG
Miniature Australian Shepherd,http://commons.wikimedia.org/wiki/Special:FilePath/Miniature%20Australian%20Shepherd%20red%20tricolour.jpg
Dutch Tulip Dog,http://commons.wikimedia.org/wiki/Special:FilePath/Us%20babbe.jpg
Hygenhund,http://commons.wikimedia.org/wiki/Special:FilePath/Norwegian%20Hygenhound.jpg
Курчавошёрстный ретривер,http://commons.wikimedia.org/wiki/Special:FilePath/Curly%20Coated%20Retriever.jpg
английский бульдог,http://commons.wikimedia.org/wiki/Special:FilePath/Racib%C3%B3rz%202007%20082.jpg
Манчестер терьер,http://commons.wikimedia.org/wiki/Special:FilePath/Manchesterterrier.jpg
Трансильванская гончая,http://commons.wikimedia.org/wiki/Special:FilePath/Erdelyi%20kopo%20VadaszNimrodSzeder01.jpg
Грюнендаль,http://commons.wikimedia.org/wiki/Special:FilePath/European%20Groenendael%20male.jpg
Кромфорлендер,http://commons.wikimedia.org/wiki/Special:FilePath/Kromfohrlaender%20glatt.jpg
Griffon Nivernais,http://commons.wikimedia.org/wiki/Special:FilePath/Griffon%20nivernais.jpg
Восточносибирская лайка,http://commons.wikimedia.org/wiki/Special:FilePath/East%20Siberian%20Laika%2003.jpg
английский мастиф,http://commons.wikimedia.org/wiki/Special:FilePath/Mastif%20angielski%20pregowany%20nn.jpg
английский мастиф,http://commons.wikimedia.org/wiki/Special:FilePath/Mastiff1.jpg
английский мастиф,http://commons.wikimedia.org/wiki/Special:FilePath/Max%20English%20Mastiff%20Puppy.jpg
Новозеландская овчарка,http://commons.wikimedia.org/wiki/Special:FilePath/Huntaway.JPG
Австрийский пинчер,http://commons.wikimedia.org/wiki/Special:FilePath/Pinczer%20austiacki%20678.jpg
Рэт-терьер,http://commons.wikimedia.org/wiki/Special:FilePath/AmRatTerr11%20fx%20wb.jpg
Schafpudel,http://commons.wikimedia.org/wiki/Special:FilePath/Schafpudel%201.jpg
Schafpudel,http://commons.wikimedia.org/wiki/Special:FilePath/Schafpudel%20met%20pup.jpg
Schafpudel,http://commons.wikimedia.org/wiki/Special:FilePath/Schafpudel%20Stephanitz%2082.jpg
Guatemalan Dogo,http://commons.wikimedia.org/wiki/Special:FilePath/Dogo1.jpg
Treeing Tennessee Brindle,http://commons.wikimedia.org/wiki/Special:FilePath/Sienna%20TTBD.jpg
Гаванский бишон,http://commons.wikimedia.org/wiki/Special:FilePath/Havanese0315.jpg
Каракачанская собака,http://commons.wikimedia.org/wiki/Special:FilePath/Karakatschan.jpg
Кувас,http://commons.wikimedia.org/wiki/Special:FilePath/2-kuvasz.jpg
Chien Français Blanc et Noir,http://commons.wikimedia.org/wiki/Special:FilePath/Fran%C3%A7ais%20noir%20et%20blanc.JPG
Français Blanc et Orange,http://commons.wikimedia.org/wiki/Special:FilePath/Grand%20Anglo-Fran%C3%A7ais%20Blanc%20Et%20Orange.jpg
French Tricolour Hound,http://commons.wikimedia.org/wiki/Special:FilePath/Grand%20Anglo-Fran%C3%A7ais%20Tricolore.jpg
Норвежский бухунд,http://commons.wikimedia.org/wiki/Special:FilePath/Norwegian%20Buhund%20600.jpg
Леонбергер,http://commons.wikimedia.org/wiki/Special:FilePath/Leonberg-Male-Adulte-Ursus.jpg
Западносибирская лайка,http://commons.wikimedia.org/wiki/Special:FilePath/West%20Siberian%20Laika.jpg
Жесткошёрстный фокстерьер,http://commons.wikimedia.org/wiki/Special:FilePath/Elias1%C4%8Derven2006.jpg
Scotch collie,http://commons.wikimedia.org/wiki/Special:FilePath/Rough%20Collie%20600.jpg
миттельшнауцер,http://commons.wikimedia.org/wiki/Special:FilePath/Emppumenossa.jpg
Венгерская жесткошёрстная выжла,http://commons.wikimedia.org/wiki/Special:FilePath/Anka%20vom%20Rudolfsforst.jpg
Pastor Americano,http://commons.wikimedia.org/wiki/Special:FilePath/Pastor%20Americano.jpg
Q44116,http://commons.wikimedia.org/wiki/Special:FilePath/Ca%20de%20conills%20de%20Menorca%2001.jpg
Ca Mè Mallorquí,http://commons.wikimedia.org/wiki/Special:FilePath/Ca%20m%C3%A8%20mallorqu%C3%AD%2003a.jpg
Barbado da Terceira,http://commons.wikimedia.org/wiki/Special:FilePath/Barbado%20da%20Terceira%20%28male%29.JPG
Pembroke Welsh Corgi,http://commons.wikimedia.org/wiki/Special:FilePath/Welchcorgipembroke.JPG
Гладкошёрстный фокстерьер,http://commons.wikimedia.org/wiki/Special:FilePath/Terrier%20mix%20sh%20klaas.jpg
Колли короткошёрстный,http://commons.wikimedia.org/wiki/Special:FilePath/Smooth%20Collie%20600.jpg
Тибетский терьер,http://commons.wikimedia.org/wiki/Special:FilePath/Tibetan%20Terrier%20Image%20001.jpg
Паттердейл-терьер,http://commons.wikimedia.org/wiki/Special:FilePath/05078045%20Patterdale%20Terrier.jpg
Норвежский элкхаунд,http://commons.wikimedia.org/wiki/Special:FilePath/Norwegian%20Elkhound.jpg
Фараонова собака,http://commons.wikimedia.org/wiki/Special:FilePath/Pies%20faraona%20e34.jpg
Венгерская выжла,http://commons.wikimedia.org/wiki/Special:FilePath/Wy%C5%BCe%C5%82%20w%C4%99gierski%20g%C5%82adkow%C5%82osy%20500.jpg
Redbone Coonhound,http://commons.wikimedia.org/wiki/Special:FilePath/Memphis%20the%20Redbone%20Coonhound%20%287%20Nov%202004%29.jpg
Новошотландский ретривер,http://commons.wikimedia.org/wiki/Special:FilePath/Duck%20Toller.jpg
Польская низинная овчарка,http://commons.wikimedia.org/wiki/Special:FilePath/Polski%20owczarek%20nizinny.jpg
Вольфшпиц,http://commons.wikimedia.org/wiki/Special:FilePath/Sita%2014mnd.jpg
Ксолоитцкуинтли,http://commons.wikimedia.org/wiki/Special:FilePath/Xolomania.jpg
Пули,http://commons.wikimedia.org/wiki/Special:FilePath/Puli%20600.jpg
Гриффон Кортальса,http://commons.wikimedia.org/wiki/Special:FilePath/Korthalsgriffon.jpg
венгерская борзая,http://commons.wikimedia.org/wiki/Special:FilePath/HungarianGreyhound.jpg
Перуанская голая собака,http://commons.wikimedia.org/wiki/Special:FilePath/PeruaanseNaakthondGroot.jpg
Парсон-рассел-терьер,http://commons.wikimedia.org/wiki/Special:FilePath/Parson%20Russell%20Terrier.jpg
Новогвинейская поющая собака,http://commons.wikimedia.org/wiki/Special:FilePath/New%20Guinea%20Singing%20Dog%20on%20trail-Cropped.jpg
Малые бельгийские собаки,http://commons.wikimedia.org/wiki/Special:FilePath/Monkey%20Bizniz%20Drama%20Queen.jpg
Норвежский лундехунд,http://commons.wikimedia.org/wiki/Special:FilePath/Lundehund-2003.jpg
пудель,http://commons.wikimedia.org/wiki/Special:FilePath/Silver%20Miniature%20Poodle%20stacked.jpg
Пражский крысарик,http://commons.wikimedia.org/wiki/Special:FilePath/Ex%20perla%20moravy%201.jpg
Лаготто-романьоло,http://commons.wikimedia.org/wiki/Special:FilePath/Lagotto%20Romagnolo.jpg
Пуми,http://commons.wikimedia.org/wiki/Special:FilePath/Pumi1.jpg
Indian Spitz,http://commons.wikimedia.org/wiki/Special:FilePath/Indian%20spitz.jpg
Оттерхаунд,http://commons.wikimedia.org/wiki/Special:FilePath/Two%20otterhounds.jpg
Норботтен шпиц,http://commons.wikimedia.org/wiki/Special:FilePath/Nordic%20Spitz.jpg
Пудельпойнтер,http://commons.wikimedia.org/wiki/Special:FilePath/Pudelpointer%20on%20point.jpg
Поденко канарио,http://commons.wikimedia.org/wiki/Special:FilePath/Podenco%20Canario%202.jpg
Норвич-терьер,http://commons.wikimedia.org/wiki/Special:FilePath/Norwichterrier.jpg
Himalayan Sheepdog,http://commons.wikimedia.org/wiki/Special:FilePath/Himalayan%20sheepdog2.jpg
American Leopard Hound,http://commons.wikimedia.org/wiki/Special:FilePath/Lep2.jpg
Африканис,http://commons.wikimedia.org/wiki/Special:FilePath/Africanis.jpg
Q516648,http://commons.wikimedia.org/wiki/Special:FilePath/Afghan%20mastiff.jpg
Пойнтер (порода собак),http://commons.wikimedia.org/wiki/Special:FilePath/English%20Pointer%20in%20Riga%201.JPG
Пойнтер (порода собак),http://commons.wikimedia.org/wiki/Special:FilePath/English%20Pointer%20orange-white.jpg
Пойнтер (порода собак),http://commons.wikimedia.org/wiki/Special:FilePath/Pointer%20angielski%20LM.jpg
Пойнтер (порода собак),http://commons.wikimedia.org/wiki/Special:FilePath/Pointerka%2045to%20t.jpg
Xiasi Dog,http://commons.wikimedia.org/wiki/Special:FilePath/Xiasi%20Quan%20dog.jpg
Griffon,http://commons.wikimedia.org/wiki/Special:FilePath/Grif%C3%B3n%20pelo%20duro%20nieve.jpg
Belgian Mastiff,http://commons.wikimedia.org/wiki/Special:FilePath/Belgian%20dogs%20trained%20to%20draw%20quick-firing%20guns.JPG
Румынская карпатская овчарка,http://commons.wikimedia.org/wiki/Special:FilePath/Carpatin.jpg
Bull Arab,http://commons.wikimedia.org/wiki/Special:FilePath/Bull%20Arab%20%28dog%29.jpg
Колли,http://commons.wikimedia.org/wiki/Special:FilePath/Border%20collie%20%28dog%29.jpg
Колли,http://commons.wikimedia.org/wiki/Special:FilePath/Welsh%20Sheepdog.jpg
Segugio Maremmano,http://commons.wikimedia.org/wiki/Special:FilePath/Segugio%20Maremmano.jpg
Danish Spitz,http://commons.wikimedia.org/wiki/Special:FilePath/Dansk%20spids.jpg
Dogue Brasileiro,http://commons.wikimedia.org/wiki/Special:FilePath/Dogue%20Brasileiro%20Orelha%20Cortada.jpg
Dogue Brasileiro,http://commons.wikimedia.org/wiki/Special:FilePath/Doguebrasileiro.jpg
Black and Tan Terrier,http://commons.wikimedia.org/wiki/Special:FilePath/A%20black%20and%20tan%20terrier.%20Wood%20engraving.%20Wellcome%20V0021863.jpg
Abyssinian Sand Terrier,http://commons.wikimedia.org/wiki/Special:FilePath/Africanhairless.jpg
Boerenfox terrier,http://commons.wikimedia.org/wiki/Special:FilePath/Boerenfox.jpg
Карело-финская лайка,http://commons.wikimedia.org/wiki/Special:FilePath/Karelo%20Finnish%20Laika.jpg
Карело-финская лайка,http://commons.wikimedia.org/wiki/Special:FilePath/Karelo%20Finnish%20Laika%20puppy.jpg
Карело-финская лайка,http://commons.wikimedia.org/wiki/Special:FilePath/Karelo%20Finnish%20Laikas%20sleeping.jpg
Argentine Pila Dog,http://commons.wikimedia.org/wiki/Special:FilePath/Pilas%20Argentinos-Felix-%26-Fortuna-04-1912.jpg
Bohemian Spotted Dog,http://commons.wikimedia.org/wiki/Special:FilePath/Bohemian%20Spotted%20Dog.jpg
Кан де паллейро,http://commons.wikimedia.org/wiki/Special:FilePath/Palleiro1.JPG
Morkie,http://commons.wikimedia.org/wiki/Special:FilePath/Morkiedog.jpg
Бурят-монгольский волкодав,http://commons.wikimedia.org/wiki/Special:FilePath/Hotosho-1.jpg
Болгарская гончая,http://commons.wikimedia.org/wiki/Special:FilePath/Bulgarsko%20gonche.jpg
Алопекис,http://commons.wikimedia.org/wiki/Special:FilePath/Alopekis%20white%20male.jpg
Q4354190,http://commons.wikimedia.org/wiki/Special:FilePath/Perro-pila-pilichy.jpg
Gaucho sheepdog,http://commons.wikimedia.org/wiki/Special:FilePath/Ovelheiro.jpg
Рюкю,http://commons.wikimedia.org/wiki/Special:FilePath/Ryukyu%20dog%20pair.jpg
German Spitz Mittel,http://commons.wikimedia.org/wiki/Special:FilePath/GSMittel.jpg
Boxador,http://commons.wikimedia.org/wiki/Special:FilePath/Boxador.jpg
Q5766204,http://commons.wikimedia.org/wiki/Special:FilePath/Chihuahua1%20bvdb.jpg
Zerdava,http://commons.wikimedia.org/wiki/Special:FilePath/Zerdava%20dog.jpg
Indian dog,http://commons.wikimedia.org/wiki/Special:FilePath/Indian%20Street%20dog.jpg
Fuegian dog,http://commons.wikimedia.org/wiki/Special:FilePath/Illustration%20of%20a%20Fuegian%2C%20Yapoo%20Tekenika%20Wellcome%20L0076886.jpg
Миниатюрная американская овчарка,http://commons.wikimedia.org/wiki/Special:FilePath/Miniature-american-shepherd-energies.jpg
Argentine Polar Dog,http://commons.wikimedia.org/wiki/Special:FilePath/Simba02.jpg
Pyrenean Sheepdog Long-haired,http://commons.wikimedia.org/wiki/Special:FilePath/Berger-des-Pyrenees%20Aurore%200800x0600.jpg
Mantiqueira Shepherd,http://commons.wikimedia.org/wiki/Special:FilePath/Pastor%20mantiqueira.jpg
Помски,http://commons.wikimedia.org/wiki/Special:FilePath/Pomsky%20Dog%20Breed%20-%20Pomeranian%20Husky%20Mix.jpg
Pampas Deerhound,http://commons.wikimedia.org/wiki/Special:FilePath/Veadeiro%20pampeano.JPG
Serrano Bulldog,http://commons.wikimedia.org/wiki/Special:FilePath/Anuke.jpg
Serrano Bulldog,http://commons.wikimedia.org/wiki/Special:FilePath/Diana%201.jpg
Hedehund,http://commons.wikimedia.org/wiki/Special:FilePath/Hedehund.JPG
Греческая овчарка,http://commons.wikimedia.org/wiki/Special:FilePath/Greek%20shepherd%20male.jpg
Molossus of Epirus,http://commons.wikimedia.org/wiki/Special:FilePath/Molossus%20dog%20in%20Albania.jpeg
Русская гончая,http://commons.wikimedia.org/wiki/Special:FilePath/6gRG.jpg
Леопардовая собака Катахулы,http://commons.wikimedia.org/wiki/Special:FilePath/SasquatchCatahoulaCurDog.jpg
Дзёмон-сиба,http://commons.wikimedia.org/wiki/Special:FilePath/Joumon%2004.jpg
White Shepherd Dog,http://commons.wikimedia.org/wiki/Special:FilePath/Kandestack%2062406.jpg
Hierran Wolfdog,http://commons.wikimedia.org/wiki/Special:FilePath/Kinha.jpg
Westfal Terrier,http://commons.wikimedia.org/wiki/Special:FilePath/Westfalenterrier.jpg
Gollie,http://commons.wikimedia.org/wiki/Special:FilePath/Gollie.jpg
Dong-gyeong,http://commons.wikimedia.org/wiki/Special:FilePath/Donggyeongi.jpg
Молоссы,http://commons.wikimedia.org/wiki/Special:FilePath/Statue%20of%20a%20Molossian%20hound.%20Ca.%20320%20B.C.jpg
Пти-брабансон,http://commons.wikimedia.org/wiki/Special:FilePath/Ch.Gaystock%20Le%20Pas%20de%20Tout.jpg
Пти-брабансон,http://commons.wikimedia.org/wiki/Special:FilePath/Petit-brabancon-gaystock-le-pas-de-tout.jpg
Grand Gascon Saintongeois,http://commons.wikimedia.org/wiki/Special:FilePath/Virelade%20from%201915.JPG
Bone-mouth,http://commons.wikimedia.org/wiki/Special:FilePath/Shar-Pei%20bone%20mouth.JPG
American Blue Gascon Hound,http://commons.wikimedia.org/wiki/Special:FilePath/American%20Blue%20Gascon%20Hound.webp
French Pointing Dog - Pyrenean type,http://commons.wikimedia.org/wiki/Special:FilePath/0805%20braque%20francais%20text.jpg
Leavitt Bulldog,http://commons.wikimedia.org/wiki/Special:FilePath/Leavitt%20Bulldogs%202.jpg
Pyrenean Sheepdog Smooth-faced,http://commons.wikimedia.org/wiki/Special:FilePath/Berger-des-Pyrenees%20Ellea%20800x600.jpg
Aksaray Malaklisi dog,http://commons.wikimedia.org/wiki/Special:FilePath/Aksaray%20malaklisinin%20malaklari.jpg
Großspitz,http://commons.wikimedia.org/wiki/Special:FilePath/Un%20chien%20Spitz%20allemand.jpg
Smithfield (dog),http://commons.wikimedia.org/wiki/Special:FilePath/Smithfield%20Jack%201898%20ExhbSydne.jpg
Terceira Mastiff,http://commons.wikimedia.org/wiki/Special:FilePath/Fila%20de%20Terceira.jpg
Итальянская гончая,http://commons.wikimedia.org/wiki/Special:FilePath/Segugioitalianopelorasofulvo.JPG
Chamuco,http://commons.wikimedia.org/wiki/Special:FilePath/Chamuco3.jpg
Brazilian Bull-mastiff,http://commons.wikimedia.org/wiki/Special:FilePath/Bull-mastif%20brasileiro%204.jpg
Sarabi Mastiff,http://commons.wikimedia.org/wiki/Special:FilePath/5-%D8%B7%D8%A8%DB%8C%D8%B9%D8%AA%20%D8%B1%D9%88%D8%B3%D8%AA%D8%A7%DB%8C%20%D8%B5%D9%88%D9%85%D8%B9%D9%87%20%D9%85%D9%84%DA%A9%D8%B4%D8%A7%D9%87%20%D8%B3%DA%AF%20%D8%B3%D8%B1%D8%A7%D8%A8.jpg
Dogo español,http://commons.wikimedia.org/wiki/Special:FilePath/Dogo%20Espa%C3%B1ol%20Arturo%20de%20los%20Tarantos.jpg
Griffon Bruxellois,http://commons.wikimedia.org/wiki/Special:FilePath/Monkey%20Bizniz%20Drama%20Queen.jpg
Меделян,http://commons.wikimedia.org/wiki/Special:FilePath/%D0%9C%D0%B5%D0%B4%D0%B5%D0%BB%D1%8F%D0%BD%20%28%D0%BF%D0%BE%D1%80%D0%BE%D0%B4%D0%B0%20%D1%81%D0%BE%D0%B1%D0%B0%D0%BA%29.jpg
Cane Pecoraio Varbutu,http://commons.wikimedia.org/wiki/Special:FilePath/Cane%20pecoraio%20varbutu.jpg
Pshdar dog,http://commons.wikimedia.org/wiki/Special:FilePath/Pshdar%20Dog-Kurdish%20Dog-Kurd%20Mastiff.jpg
Original Fila Brasileiro,http://commons.wikimedia.org/wiki/Special:FilePath/C%C3%A3o%20Original%20Fila%20Brasileiro%20-%20Drag%C3%A3o.jpg
Original Fila Brasileiro,http://commons.wikimedia.org/wiki/Special:FilePath/Cadela%20Original%20Fila%20Brasileiro%20-%20branca.jpg
Original Fila Brasileiro,http://commons.wikimedia.org/wiki/Special:FilePath/Original%20Fila%20tigrado%20-%20perfil.jpg
Bullbras,http://commons.wikimedia.org/wiki/Special:FilePath/Tupa%20do%20Canchin%2008.jpg
Pit Monster,http://commons.wikimedia.org/wiki/Special:FilePath/King%20of%20Red%20Sky.jpg
Болгарская пастушья собака,http://commons.wikimedia.org/wiki/Special:FilePath/Bulgarian%20Shepherd%20Dog%2016.jpg
Grand Fauve de Bretagne,http://commons.wikimedia.org/wiki/Special:FilePath/Grand%20Fauve%20de%20Bretagne.jpg
westiepoo,http://commons.wikimedia.org/wiki/Special:FilePath/Westiepoo%20age%2011.jpg
westiepoo,http://commons.wikimedia.org/wiki/Special:FilePath/Westiepoo%20age%207.jpg
Buckhound,http://commons.wikimedia.org/wiki/Special:FilePath/William%20H%20Hopkins%20%28active%201853-1890-d.%201892%29%20-%20Her%20Majesty%27s%20Buckhounds%20with%20the%20Earl%20of%20Hardwicke%2C%20Huntsmen%20and%20Whips%20-%20RCIN%20407840%20-%20Royal%20Collection.jpg
Staghound,http://commons.wikimedia.org/wiki/Special:FilePath/North%20Devon%20Staghounds.jpg
West Country Harrier,http://commons.wikimedia.org/wiki/Special:FilePath/Hounds%20-%20their%20breeding%20and%20kennel%20management%20%281905%29%20%2814740587676%29.jpg
French Pointing Dog Gascogne Type,http://commons.wikimedia.org/wiki/Special:FilePath/Wy%C5%BCe%C5%82%20Gasko%C5%84ski.jpg
Italian Short-Haired Segugio,http://commons.wikimedia.org/wiki/Special:FilePath/Segugioitalianopelorasofulvo%20%28cropped%29.JPG
Valdueza,http://commons.wikimedia.org/wiki/Special:FilePath/Valdueza4.jpg
